[
{
    "model": "admin.logentry",
    "pk": 1,
    "fields": {
        "action_time": "2025-01-20T19:24:05.307Z",
        "user": 1,
        "content_type": 3,
        "object_id": "1",
        "object_repr": "Clientes",
        "action_flag": 1,
        "change_message": "[{\"added\": {}}]"
    }
},
{
    "model": "admin.logentry",
    "pk": 2,
    "fields": {
        "action_time": "2025-01-20T19:25:36.923Z",
        "user": 1,
        "content_type": 3,
        "object_id": "2",
        "object_repr": "Proveedores",
        "action_flag": 1,
        "change_message": "[{\"added\": {}}]"
    }
},
{
    "model": "admin.logentry",
    "pk": 3,
    "fields": {
        "action_time": "2025-01-20T19:55:28.592Z",
        "user": 1,
        "content_type": 8,
        "object_id": "4",
        "object_repr": "maria",
        "action_flag": 2,
        "change_message": "[{\"changed\": {\"fields\": [\"Email address\", \"Edad\", \"Contrase\\u00f1a\"]}}]"
    }
},
{
    "model": "admin.logentry",
    "pk": 4,
    "fields": {
        "action_time": "2025-01-20T19:55:56.485Z",
        "user": 1,
        "content_type": 8,
        "object_id": "3",
        "object_repr": "luis",
        "action_flag": 2,
        "change_message": "[{\"changed\": {\"fields\": [\"Email address\", \"Edad\", \"Contrase\\u00f1a\"]}}]"
    }
},
{
    "model": "admin.logentry",
    "pk": 5,
    "fields": {
        "action_time": "2025-01-20T19:56:24.047Z",
        "user": 1,
        "content_type": 8,
        "object_id": "2",
        "object_repr": "beatriz",
        "action_flag": 2,
        "change_message": "[{\"changed\": {\"fields\": [\"Email address\", \"Edad\", \"Contrase\\u00f1a\"]}}]"
    }
},
{
    "model": "admin.logentry",
    "pk": 6,
    "fields": {
        "action_time": "2025-01-27T16:38:10.172Z",
        "user": 1,
        "content_type": 8,
        "object_id": "4",
        "object_repr": "maria",
        "action_flag": 2,
        "change_message": "[{\"changed\": {\"fields\": [\"First name\", \"Last name\", \"Fecha registro\"]}}]"
    }
},
{
    "model": "admin.logentry",
    "pk": 7,
    "fields": {
        "action_time": "2025-01-27T16:38:23.081Z",
        "user": 1,
        "content_type": 8,
        "object_id": "3",
        "object_repr": "luis",
        "action_flag": 2,
        "change_message": "[{\"changed\": {\"fields\": [\"First name\", \"Last name\", \"Fecha registro\"]}}]"
    }
},
{
    "model": "admin.logentry",
    "pk": 8,
    "fields": {
        "action_time": "2025-01-27T16:38:34.368Z",
        "user": 1,
        "content_type": 8,
        "object_id": "2",
        "object_repr": "beatriz",
        "action_flag": 2,
        "change_message": "[{\"changed\": {\"fields\": [\"First name\", \"Last name\", \"Fecha registro\"]}}]"
    }
},
{
    "model": "admin.logentry",
    "pk": 9,
    "fields": {
        "action_time": "2025-01-27T16:43:23.285Z",
        "user": 1,
        "content_type": 8,
        "object_id": "1",
        "object_repr": "alvaro",
        "action_flag": 2,
        "change_message": "[{\"changed\": {\"fields\": [\"First name\", \"Last name\", \"Nombre Completo\", \"Correo\", \"Telefono\", \"Edad\", \"Contrase\\u00f1a\", \"Fecha registro\"]}}]"
    }
},
{
    "model": "admin.logentry",
    "pk": 10,
    "fields": {
        "action_time": "2025-03-02T22:59:05.982Z",
        "user": 1,
        "content_type": 8,
        "object_id": "8",
        "object_repr": "luisa",
        "action_flag": 2,
        "change_message": "[{\"changed\": {\"fields\": [\"Groups\", \"Contrase\\u00f1a\"]}}]"
    }
},
{
    "model": "auth.permission",
    "pk": 1,
    "fields": {
        "name": "Can add log entry",
        "content_type": 1,
        "codename": "add_logentry"
    }
},
{
    "model": "auth.permission",
    "pk": 2,
    "fields": {
        "name": "Can change log entry",
        "content_type": 1,
        "codename": "change_logentry"
    }
},
{
    "model": "auth.permission",
    "pk": 3,
    "fields": {
        "name": "Can delete log entry",
        "content_type": 1,
        "codename": "delete_logentry"
    }
},
{
    "model": "auth.permission",
    "pk": 4,
    "fields": {
        "name": "Can view log entry",
        "content_type": 1,
        "codename": "view_logentry"
    }
},
{
    "model": "auth.permission",
    "pk": 5,
    "fields": {
        "name": "Can add permission",
        "content_type": 2,
        "codename": "add_permission"
    }
},
{
    "model": "auth.permission",
    "pk": 6,
    "fields": {
        "name": "Can change permission",
        "content_type": 2,
        "codename": "change_permission"
    }
},
{
    "model": "auth.permission",
    "pk": 7,
    "fields": {
        "name": "Can delete permission",
        "content_type": 2,
        "codename": "delete_permission"
    }
},
{
    "model": "auth.permission",
    "pk": 8,
    "fields": {
        "name": "Can view permission",
        "content_type": 2,
        "codename": "view_permission"
    }
},
{
    "model": "auth.permission",
    "pk": 9,
    "fields": {
        "name": "Can add group",
        "content_type": 3,
        "codename": "add_group"
    }
},
{
    "model": "auth.permission",
    "pk": 10,
    "fields": {
        "name": "Can change group",
        "content_type": 3,
        "codename": "change_group"
    }
},
{
    "model": "auth.permission",
    "pk": 11,
    "fields": {
        "name": "Can delete group",
        "content_type": 3,
        "codename": "delete_group"
    }
},
{
    "model": "auth.permission",
    "pk": 12,
    "fields": {
        "name": "Can view group",
        "content_type": 3,
        "codename": "view_group"
    }
},
{
    "model": "auth.permission",
    "pk": 13,
    "fields": {
        "name": "Can add content type",
        "content_type": 4,
        "codename": "add_contenttype"
    }
},
{
    "model": "auth.permission",
    "pk": 14,
    "fields": {
        "name": "Can change content type",
        "content_type": 4,
        "codename": "change_contenttype"
    }
},
{
    "model": "auth.permission",
    "pk": 15,
    "fields": {
        "name": "Can delete content type",
        "content_type": 4,
        "codename": "delete_contenttype"
    }
},
{
    "model": "auth.permission",
    "pk": 16,
    "fields": {
        "name": "Can view content type",
        "content_type": 4,
        "codename": "view_contenttype"
    }
},
{
    "model": "auth.permission",
    "pk": 17,
    "fields": {
        "name": "Can add session",
        "content_type": 5,
        "codename": "add_session"
    }
},
{
    "model": "auth.permission",
    "pk": 18,
    "fields": {
        "name": "Can change session",
        "content_type": 5,
        "codename": "change_session"
    }
},
{
    "model": "auth.permission",
    "pk": 19,
    "fields": {
        "name": "Can delete session",
        "content_type": 5,
        "codename": "delete_session"
    }
},
{
    "model": "auth.permission",
    "pk": 20,
    "fields": {
        "name": "Can view session",
        "content_type": 5,
        "codename": "view_session"
    }
},
{
    "model": "auth.permission",
    "pk": 21,
    "fields": {
        "name": "Can add destino",
        "content_type": 6,
        "codename": "add_destino"
    }
},
{
    "model": "auth.permission",
    "pk": 22,
    "fields": {
        "name": "Can change destino",
        "content_type": 6,
        "codename": "change_destino"
    }
},
{
    "model": "auth.permission",
    "pk": 23,
    "fields": {
        "name": "Can delete destino",
        "content_type": 6,
        "codename": "delete_destino"
    }
},
{
    "model": "auth.permission",
    "pk": 24,
    "fields": {
        "name": "Can view destino",
        "content_type": 6,
        "codename": "view_destino"
    }
},
{
    "model": "auth.permission",
    "pk": 25,
    "fields": {
        "name": "Can add extra",
        "content_type": 7,
        "codename": "add_extra"
    }
},
{
    "model": "auth.permission",
    "pk": 26,
    "fields": {
        "name": "Can change extra",
        "content_type": 7,
        "codename": "change_extra"
    }
},
{
    "model": "auth.permission",
    "pk": 27,
    "fields": {
        "name": "Can delete extra",
        "content_type": 7,
        "codename": "delete_extra"
    }
},
{
    "model": "auth.permission",
    "pk": 28,
    "fields": {
        "name": "Can view extra",
        "content_type": 7,
        "codename": "view_extra"
    }
},
{
    "model": "auth.permission",
    "pk": 29,
    "fields": {
        "name": "Can add user",
        "content_type": 8,
        "codename": "add_usuario"
    }
},
{
    "model": "auth.permission",
    "pk": 30,
    "fields": {
        "name": "Can change user",
        "content_type": 8,
        "codename": "change_usuario"
    }
},
{
    "model": "auth.permission",
    "pk": 31,
    "fields": {
        "name": "Can delete user",
        "content_type": 8,
        "codename": "delete_usuario"
    }
},
{
    "model": "auth.permission",
    "pk": 32,
    "fields": {
        "name": "Can view user",
        "content_type": 8,
        "codename": "view_usuario"
    }
},
{
    "model": "auth.permission",
    "pk": 33,
    "fields": {
        "name": "Can add cliente",
        "content_type": 9,
        "codename": "add_cliente"
    }
},
{
    "model": "auth.permission",
    "pk": 34,
    "fields": {
        "name": "Can change cliente",
        "content_type": 9,
        "codename": "change_cliente"
    }
},
{
    "model": "auth.permission",
    "pk": 35,
    "fields": {
        "name": "Can delete cliente",
        "content_type": 9,
        "codename": "delete_cliente"
    }
},
{
    "model": "auth.permission",
    "pk": 36,
    "fields": {
        "name": "Can view cliente",
        "content_type": 9,
        "codename": "view_cliente"
    }
},
{
    "model": "auth.permission",
    "pk": 37,
    "fields": {
        "name": "Can add comentario",
        "content_type": 10,
        "codename": "add_comentario"
    }
},
{
    "model": "auth.permission",
    "pk": 38,
    "fields": {
        "name": "Can change comentario",
        "content_type": 10,
        "codename": "change_comentario"
    }
},
{
    "model": "auth.permission",
    "pk": 39,
    "fields": {
        "name": "Can delete comentario",
        "content_type": 10,
        "codename": "delete_comentario"
    }
},
{
    "model": "auth.permission",
    "pk": 40,
    "fields": {
        "name": "Can view comentario",
        "content_type": 10,
        "codename": "view_comentario"
    }
},
{
    "model": "auth.permission",
    "pk": 41,
    "fields": {
        "name": "Can add alojamiento",
        "content_type": 11,
        "codename": "add_alojamiento"
    }
},
{
    "model": "auth.permission",
    "pk": 42,
    "fields": {
        "name": "Can change alojamiento",
        "content_type": 11,
        "codename": "change_alojamiento"
    }
},
{
    "model": "auth.permission",
    "pk": 43,
    "fields": {
        "name": "Can delete alojamiento",
        "content_type": 11,
        "codename": "delete_alojamiento"
    }
},
{
    "model": "auth.permission",
    "pk": 44,
    "fields": {
        "name": "Can view alojamiento",
        "content_type": 11,
        "codename": "view_alojamiento"
    }
},
{
    "model": "auth.permission",
    "pk": 45,
    "fields": {
        "name": "Can add pasaporte",
        "content_type": 12,
        "codename": "add_pasaporte"
    }
},
{
    "model": "auth.permission",
    "pk": 46,
    "fields": {
        "name": "Can change pasaporte",
        "content_type": 12,
        "codename": "change_pasaporte"
    }
},
{
    "model": "auth.permission",
    "pk": 47,
    "fields": {
        "name": "Can delete pasaporte",
        "content_type": 12,
        "codename": "delete_pasaporte"
    }
},
{
    "model": "auth.permission",
    "pk": 48,
    "fields": {
        "name": "Can view pasaporte",
        "content_type": 12,
        "codename": "view_pasaporte"
    }
},
{
    "model": "auth.permission",
    "pk": 49,
    "fields": {
        "name": "Can add promocion",
        "content_type": 13,
        "codename": "add_promocion"
    }
},
{
    "model": "auth.permission",
    "pk": 50,
    "fields": {
        "name": "Can change promocion",
        "content_type": 13,
        "codename": "change_promocion"
    }
},
{
    "model": "auth.permission",
    "pk": 51,
    "fields": {
        "name": "Can delete promocion",
        "content_type": 13,
        "codename": "delete_promocion"
    }
},
{
    "model": "auth.permission",
    "pk": 52,
    "fields": {
        "name": "Can view promocion",
        "content_type": 13,
        "codename": "view_promocion"
    }
},
{
    "model": "auth.permission",
    "pk": 53,
    "fields": {
        "name": "Can add proveedor",
        "content_type": 14,
        "codename": "add_proveedor"
    }
},
{
    "model": "auth.permission",
    "pk": 54,
    "fields": {
        "name": "Can change proveedor",
        "content_type": 14,
        "codename": "change_proveedor"
    }
},
{
    "model": "auth.permission",
    "pk": 55,
    "fields": {
        "name": "Can delete proveedor",
        "content_type": 14,
        "codename": "delete_proveedor"
    }
},
{
    "model": "auth.permission",
    "pk": 56,
    "fields": {
        "name": "Can view proveedor",
        "content_type": 14,
        "codename": "view_proveedor"
    }
},
{
    "model": "auth.permission",
    "pk": 57,
    "fields": {
        "name": "Can add reserva",
        "content_type": 15,
        "codename": "add_reserva"
    }
},
{
    "model": "auth.permission",
    "pk": 58,
    "fields": {
        "name": "Can change reserva",
        "content_type": 15,
        "codename": "change_reserva"
    }
},
{
    "model": "auth.permission",
    "pk": 59,
    "fields": {
        "name": "Can delete reserva",
        "content_type": 15,
        "codename": "delete_reserva"
    }
},
{
    "model": "auth.permission",
    "pk": 60,
    "fields": {
        "name": "Can view reserva",
        "content_type": 15,
        "codename": "view_reserva"
    }
},
{
    "model": "auth.permission",
    "pk": 61,
    "fields": {
        "name": "Can add factura",
        "content_type": 16,
        "codename": "add_factura"
    }
},
{
    "model": "auth.permission",
    "pk": 62,
    "fields": {
        "name": "Can change factura",
        "content_type": 16,
        "codename": "change_factura"
    }
},
{
    "model": "auth.permission",
    "pk": 63,
    "fields": {
        "name": "Can delete factura",
        "content_type": 16,
        "codename": "delete_factura"
    }
},
{
    "model": "auth.permission",
    "pk": 64,
    "fields": {
        "name": "Can view factura",
        "content_type": 16,
        "codename": "view_factura"
    }
},
{
    "model": "auth.permission",
    "pk": 65,
    "fields": {
        "name": "Can add extra reserva",
        "content_type": 17,
        "codename": "add_extrareserva"
    }
},
{
    "model": "auth.permission",
    "pk": 66,
    "fields": {
        "name": "Can change extra reserva",
        "content_type": 17,
        "codename": "change_extrareserva"
    }
},
{
    "model": "auth.permission",
    "pk": 67,
    "fields": {
        "name": "Can delete extra reserva",
        "content_type": 17,
        "codename": "delete_extrareserva"
    }
},
{
    "model": "auth.permission",
    "pk": 68,
    "fields": {
        "name": "Can view extra reserva",
        "content_type": 17,
        "codename": "view_extrareserva"
    }
},
{
    "model": "auth.permission",
    "pk": 69,
    "fields": {
        "name": "Can add transporte",
        "content_type": 18,
        "codename": "add_transporte"
    }
},
{
    "model": "auth.permission",
    "pk": 70,
    "fields": {
        "name": "Can change transporte",
        "content_type": 18,
        "codename": "change_transporte"
    }
},
{
    "model": "auth.permission",
    "pk": 71,
    "fields": {
        "name": "Can delete transporte",
        "content_type": 18,
        "codename": "delete_transporte"
    }
},
{
    "model": "auth.permission",
    "pk": 72,
    "fields": {
        "name": "Can view transporte",
        "content_type": 18,
        "codename": "view_transporte"
    }
},
{
    "model": "auth.permission",
    "pk": 73,
    "fields": {
        "name": "Can add application",
        "content_type": 19,
        "codename": "add_application"
    }
},
{
    "model": "auth.permission",
    "pk": 74,
    "fields": {
        "name": "Can change application",
        "content_type": 19,
        "codename": "change_application"
    }
},
{
    "model": "auth.permission",
    "pk": 75,
    "fields": {
        "name": "Can delete application",
        "content_type": 19,
        "codename": "delete_application"
    }
},
{
    "model": "auth.permission",
    "pk": 76,
    "fields": {
        "name": "Can view application",
        "content_type": 19,
        "codename": "view_application"
    }
},
{
    "model": "auth.permission",
    "pk": 77,
    "fields": {
        "name": "Can add access token",
        "content_type": 20,
        "codename": "add_accesstoken"
    }
},
{
    "model": "auth.permission",
    "pk": 78,
    "fields": {
        "name": "Can change access token",
        "content_type": 20,
        "codename": "change_accesstoken"
    }
},
{
    "model": "auth.permission",
    "pk": 79,
    "fields": {
        "name": "Can delete access token",
        "content_type": 20,
        "codename": "delete_accesstoken"
    }
},
{
    "model": "auth.permission",
    "pk": 80,
    "fields": {
        "name": "Can view access token",
        "content_type": 20,
        "codename": "view_accesstoken"
    }
},
{
    "model": "auth.permission",
    "pk": 81,
    "fields": {
        "name": "Can add grant",
        "content_type": 21,
        "codename": "add_grant"
    }
},
{
    "model": "auth.permission",
    "pk": 82,
    "fields": {
        "name": "Can change grant",
        "content_type": 21,
        "codename": "change_grant"
    }
},
{
    "model": "auth.permission",
    "pk": 83,
    "fields": {
        "name": "Can delete grant",
        "content_type": 21,
        "codename": "delete_grant"
    }
},
{
    "model": "auth.permission",
    "pk": 84,
    "fields": {
        "name": "Can view grant",
        "content_type": 21,
        "codename": "view_grant"
    }
},
{
    "model": "auth.permission",
    "pk": 85,
    "fields": {
        "name": "Can add refresh token",
        "content_type": 22,
        "codename": "add_refreshtoken"
    }
},
{
    "model": "auth.permission",
    "pk": 86,
    "fields": {
        "name": "Can change refresh token",
        "content_type": 22,
        "codename": "change_refreshtoken"
    }
},
{
    "model": "auth.permission",
    "pk": 87,
    "fields": {
        "name": "Can delete refresh token",
        "content_type": 22,
        "codename": "delete_refreshtoken"
    }
},
{
    "model": "auth.permission",
    "pk": 88,
    "fields": {
        "name": "Can view refresh token",
        "content_type": 22,
        "codename": "view_refreshtoken"
    }
},
{
    "model": "auth.permission",
    "pk": 89,
    "fields": {
        "name": "Can add id token",
        "content_type": 23,
        "codename": "add_idtoken"
    }
},
{
    "model": "auth.permission",
    "pk": 90,
    "fields": {
        "name": "Can change id token",
        "content_type": 23,
        "codename": "change_idtoken"
    }
},
{
    "model": "auth.permission",
    "pk": 91,
    "fields": {
        "name": "Can delete id token",
        "content_type": 23,
        "codename": "delete_idtoken"
    }
},
{
    "model": "auth.permission",
    "pk": 92,
    "fields": {
        "name": "Can view id token",
        "content_type": 23,
        "codename": "view_idtoken"
    }
},
{
    "model": "auth.group",
    "pk": 1,
    "fields": {
        "name": "Clientes",
        "permissions": [
            44,
            37,
            38,
            39,
            40,
            24,
            28,
            64,
            48,
            52,
            57,
            58,
            59,
            60,
            72
        ]
    }
},
{
    "model": "auth.group",
    "pk": 2,
    "fields": {
        "name": "Proveedores",
        "permissions": [
            41,
            42,
            43,
            44,
            36,
            38,
            39,
            40,
            21,
            22,
            23,
            24,
            28,
            68,
            64,
            48,
            49,
            50,
            51,
            52,
            56,
            60,
            72
        ]
    }
},
{
    "model": "contenttypes.contenttype",
    "pk": 1,
    "fields": {
        "app_label": "admin",
        "model": "logentry"
    }
},
{
    "model": "contenttypes.contenttype",
    "pk": 2,
    "fields": {
        "app_label": "auth",
        "model": "permission"
    }
},
{
    "model": "contenttypes.contenttype",
    "pk": 3,
    "fields": {
        "app_label": "auth",
        "model": "group"
    }
},
{
    "model": "contenttypes.contenttype",
    "pk": 4,
    "fields": {
        "app_label": "contenttypes",
        "model": "contenttype"
    }
},
{
    "model": "contenttypes.contenttype",
    "pk": 5,
    "fields": {
        "app_label": "sessions",
        "model": "session"
    }
},
{
    "model": "contenttypes.contenttype",
    "pk": 6,
    "fields": {
        "app_label": "viajes",
        "model": "destino"
    }
},
{
    "model": "contenttypes.contenttype",
    "pk": 7,
    "fields": {
        "app_label": "viajes",
        "model": "extra"
    }
},
{
    "model": "contenttypes.contenttype",
    "pk": 8,
    "fields": {
        "app_label": "viajes",
        "model": "usuario"
    }
},
{
    "model": "contenttypes.contenttype",
    "pk": 9,
    "fields": {
        "app_label": "viajes",
        "model": "cliente"
    }
},
{
    "model": "contenttypes.contenttype",
    "pk": 10,
    "fields": {
        "app_label": "viajes",
        "model": "comentario"
    }
},
{
    "model": "contenttypes.contenttype",
    "pk": 11,
    "fields": {
        "app_label": "viajes",
        "model": "alojamiento"
    }
},
{
    "model": "contenttypes.contenttype",
    "pk": 12,
    "fields": {
        "app_label": "viajes",
        "model": "pasaporte"
    }
},
{
    "model": "contenttypes.contenttype",
    "pk": 13,
    "fields": {
        "app_label": "viajes",
        "model": "promocion"
    }
},
{
    "model": "contenttypes.contenttype",
    "pk": 14,
    "fields": {
        "app_label": "viajes",
        "model": "proveedor"
    }
},
{
    "model": "contenttypes.contenttype",
    "pk": 15,
    "fields": {
        "app_label": "viajes",
        "model": "reserva"
    }
},
{
    "model": "contenttypes.contenttype",
    "pk": 16,
    "fields": {
        "app_label": "viajes",
        "model": "factura"
    }
},
{
    "model": "contenttypes.contenttype",
    "pk": 17,
    "fields": {
        "app_label": "viajes",
        "model": "extrareserva"
    }
},
{
    "model": "contenttypes.contenttype",
    "pk": 18,
    "fields": {
        "app_label": "viajes",
        "model": "transporte"
    }
},
{
    "model": "contenttypes.contenttype",
    "pk": 19,
    "fields": {
        "app_label": "oauth2_provider",
        "model": "application"
    }
},
{
    "model": "contenttypes.contenttype",
    "pk": 20,
    "fields": {
        "app_label": "oauth2_provider",
        "model": "accesstoken"
    }
},
{
    "model": "contenttypes.contenttype",
    "pk": 21,
    "fields": {
        "app_label": "oauth2_provider",
        "model": "grant"
    }
},
{
    "model": "contenttypes.contenttype",
    "pk": 22,
    "fields": {
        "app_label": "oauth2_provider",
        "model": "refreshtoken"
    }
},
{
    "model": "contenttypes.contenttype",
    "pk": 23,
    "fields": {
        "app_label": "oauth2_provider",
        "model": "idtoken"
    }
},
{
    "model": "sessions.session",
    "pk": "1cjktziwf6afabq55nwztp0u3gebh51e",
    "fields": {
        "session_data": "eyJmZWNoYV9pbmljaW8iOiIyNy8wMS8yMDI1IDIwOjQ4In0:1tcV5e:gRjwnSRb7RquIwA5Ind65GHyEPxFrbKdvvxNczk1Xk8",
        "expire_date": "2025-02-10T19:48:10.931Z"
    }
},
{
    "model": "sessions.session",
    "pk": "2shm6emtxno7wnvyfi2levzeklgqhjul",
    "fields": {
        "session_data": ".eJxVjLsOAiEUBX_FUBsEFriwpb3fQC4vQQ0k-6iM_-5usoW2Z-bMmzhcl-LWOU2uRjISTs6_m8fwTG0H8YHt3mnobZmqp7tCDzrTW4_pdT3cv0DBuWxvzAEArdFGMmEHnr2WGQYw1qBRXonsvdbeBOstUxojFxKSlUYDSAnDFs0pFHS11VD7VhRwYfwimFAnDqNU5PMFw74_wQ:1tcSEn:wIY-_VZIdzBFoy9-qrwHQJdgQt8pb7AgCqh_ra4X02s",
        "expire_date": "2025-02-10T16:45:25.666Z"
    }
},
{
    "model": "sessions.session",
    "pk": "2toz29tn4y6li8jkv4zjb3107ma82570",
    "fields": {
        "session_data": "eyJmZWNoYV9pbmljaW8iOiIyMS8wMi8yMDI1IDE3OjU4In0:1tlWMQ:ECRxwIrwIYXgBO1PH_WKsY8-BRIEkWMSp06olUo_vi0",
        "expire_date": "2025-03-07T16:58:46.834Z"
    }
},
{
    "model": "sessions.session",
    "pk": "3qusl1iguxv3cpmz8da35kgwjf739xlh",
    "fields": {
        "session_data": "eyJmZWNoYV9pbmljaW8iOiIwMy8wMy8yMDI1IDEwOjA3In0:1tp1m6:SpN_LpHebKY8i3jzc8CnMyCC7mCsTey6uA2kUk06hNc",
        "expire_date": "2025-03-17T09:07:46.078Z"
    }
},
{
    "model": "sessions.session",
    "pk": "5wfp4qddotlijgvx9sb5jpjne22enmgh",
    "fields": {
        "session_data": "eyJmZWNoYV9pbmljaW8iOiIwNi8wMi8yMDI1IDE3OjA2In0:1tg4Oi:xIweN1nK3Vz15oPWHlq5oEE1lUBL59UuOoqDCIlE1NA",
        "expire_date": "2025-02-20T16:06:36.797Z"
    }
},
{
    "model": "sessions.session",
    "pk": "6fgu5ipgdw8zithbmwcwt5nv8pxn4wh5",
    "fields": {
        "session_data": ".eJxVjDsOwjAQBe_iGllx7Hh3Kek5Q7TrDw6gWIqTCnF3iJQC2jcz76VG3tYybi0t4xTVWRl1-t2EwyPNO4h3nm9VhzqvyyR6V_RBm77WmJ6Xw_07KNzKt-YcAJjQo-t6siaLdxksICHjIEOfRbwXDCTUDZ6j6R0kcugBnAOr3h_QNDbm:1tcS7S:vJV-7UirageMTaPJ3YcJ_PScEeegtB68Bt-rtdHNdFQ",
        "expire_date": "2025-02-10T16:37:50.091Z"
    }
},
{
    "model": "sessions.session",
    "pk": "7kvjc0ni96niqw2sss29q2xwi1j10oyi",
    "fields": {
        "session_data": "eyJmZWNoYV9pbmljaW8iOiIxOC8wMi8yMDI1IDE1OjU1In0:1tkP0Y:RhEFtHjgQRQBarQcpmcgIB4KHyQxx3-gpBDoH3UQh4k",
        "expire_date": "2025-03-04T14:55:34.150Z"
    }
},
{
    "model": "sessions.session",
    "pk": "7n2yp2nztexmlnfjyv6zoj7kiy5590ld",
    "fields": {
        "session_data": "eyJmZWNoYV9pbmljaW8iOiIwMi8wMy8yMDI1IDIyOjMyIn0:1toqvQ:HrCVw_6xg3TWSeGTDZcGf-ZboV4xXnRnjOCkDLLddnw",
        "expire_date": "2025-03-16T21:32:40.040Z"
    }
},
{
    "model": "sessions.session",
    "pk": "82j2a27gzapsvwtllzn2t5h45md4jqcf",
    "fields": {
        "session_data": ".eJxVjDkOwjAUBa-CXCPjfO8p6TmD9b1hA7KlLBXi7iRSCmjfzJs3cbguxa1zmlyNZCQDOf9uHsMztR3EB7Z7p6G3Zaqe7go96ExvPabX9XD_AgXnsr0xB63RGmUEA8uH7JXImmtjDRrpJWTvlfImWG-ZVBgHEDpZYZTWQmi-RXMKBV1tNdS-FQEuDC7AQJ6Aj5yTzxfDXD-3:1tly3S:ZxssTcpPoSfXkKLlakqHDNfq10toUVVOyh20Hya71us",
        "expire_date": "2025-03-08T22:33:02.512Z"
    }
},
{
    "model": "sessions.session",
    "pk": "8nevelfmbh81cjl5n3ndkrfu8ta13tpp",
    "fields": {
        "session_data": "eyJmZWNoYV9pbmljaW8iOiIwNS8wMi8yMDI1IDE4OjU3In0:1tfjev:NW3aWF5-KsjfGf6Ub3qIsRolBp4sLRnDjffhyldXx2c",
        "expire_date": "2025-02-19T17:57:57.694Z"
    }
},
{
    "model": "sessions.session",
    "pk": "a3b4kov7plns922i6an2xjzro41r3slq",
    "fields": {
        "session_data": ".eJxVjrsOAiEURH_FUBsEFriwpb3fQC4vQQ0k-6iM_-5usoW2c2ZO5k0crktx65wmVyMZCSfn38xjeKa2g_jAdu809LZM1dO9Qg8601uP6XU9un-CgnPZ1pgDAFqjjWTCDjx7LTMMYKxBo7wS2XutvQnWW6Y0Ri4kJCuNBpAShk2aUyjoaquh9v2ouTBxEUyoE4eRWfL5AsPHP8I:1tkQ9f:bcF-1pLzMYfFp9kUAV0auS3FT2FOTRB_eIlVmLTm9nU",
        "expire_date": "2025-03-04T16:09:03.793Z"
    }
},
{
    "model": "sessions.session",
    "pk": "ct2knauwwcrykamfs0rj15cl2u2ge23k",
    "fields": {
        "session_data": "eyJmZWNoYV9pbmljaW8iOiIwMy8wMy8yMDI1IDAwOjM3In0:1toss3:dBg9xFpXKZGYXEN5ULp_uQTuHN3ECVJ_jU87qe_KalQ",
        "expire_date": "2025-03-16T23:37:19.199Z"
    }
},
{
    "model": "sessions.session",
    "pk": "d6umxb13tyu1ew00ejgs0mf18xym543b",
    "fields": {
        "session_data": "eyJmZWNoYV9pbmljaW8iOiIwOC8wMi8yMDI1IDEyOjM3In0:1tgj9p:G0Hlka9MQ9xszUefxZdRjwtCh24gMRpMUrgejuOsHcY",
        "expire_date": "2025-02-22T11:37:57.255Z"
    }
},
{
    "model": "sessions.session",
    "pk": "dgwk67rm3bvk8km7q1lsr4e3oi1six0x",
    "fields": {
        "session_data": "eyJmZWNoYV9pbmljaW8iOiIwOC8wMi8yMDI1IDExOjA4In0:1tghkt:dD3ih54ULv0rod9d2Ro4odxqdajWfE3Pv-MRXRE5zvU",
        "expire_date": "2025-02-22T10:08:07.733Z"
    }
},
{
    "model": "sessions.session",
    "pk": "ftqjltw3jd6b4tf4gu9wp6928nq1hvn5",
    "fields": {
        "session_data": ".eJxVjDkOwjAURK-CXCPjePt2SnrOYH1vxIBsKUuFuDuOlAKkqWbevDdxuK2T25Y0uxLJSAZy_u08hmeq-xAfWO-NhlbXuXi6I_RYF3prMb2uB_snmHCZ-htzAEBrtJGMWzFkr2UGAcYaNMornr3X2ptgvWVKYxy4hGSl0QBSgujSnMKErtQSSutGJi49nHF1YmwUjHy-wy4_rw:1toslp:GR_4LZHmWBXxxX1VQ3M1g4UgAwXHm3z4MxHYKrw0GXE",
        "expire_date": "2025-03-16T23:30:53.036Z"
    }
},
{
    "model": "sessions.session",
    "pk": "gujw8eaafy5nlznz6j75482vuflmfriv",
    "fields": {
        "session_data": "eyJmZWNoYV9pbmljaW8iOiIyMi8wMi8yMDI1IDIxOjMzIn0:1tlwBz:9RhmdW93sKJ-o_g4LYjHfRyAmjhpo_b_uDj0LQkz1hI",
        "expire_date": "2025-03-08T20:33:43.716Z"
    }
},
{
    "model": "sessions.session",
    "pk": "inkw0oe485srydqtxokds5ra3v57iqxz",
    "fields": {
        "session_data": ".eJxVjEkKAjEURK8iWUvMPPTSvWcIP5OJSgI9rMS7m4ZeKNSq6tV7IwfbWty2pNnViCZE0fm38xCeqe1DfEC7dxx6W-fq8Y7gY13wrcf0uh7sn6DAUsYbctAarFFGEGY5zV6JrLk21oCRXrLsvVLeBOstkQoiZUInK4zSWgjNhzSnUMDVVkPtw0j4ZYQRJk_UTJyhzxfDaz-6:1tp9ee:nuxXSsCcXZJl2-kIGag4WwZqU2BJHwwWsgay4mR3w5A",
        "expire_date": "2025-03-17T17:32:36.396Z"
    }
},
{
    "model": "sessions.session",
    "pk": "iowgq816pis9s53qu1kzte67gztglrf4",
    "fields": {
        "session_data": "eyJmZWNoYV9pbmljaW8iOiIwNy8wMi8yMDI1IDE5OjEzIn0:1tgSrU:jDscOJx39FC5wTB1LFOBGys4A917ZFIOE-JAuWM2jto",
        "expire_date": "2025-02-21T18:13:56.667Z"
    }
},
{
    "model": "sessions.session",
    "pk": "jc2or38k9aqb28qpqvt96abwcyy6hrwo",
    "fields": {
        "session_data": ".eJxVjjkOwjAURK-CXCPjeHdKes5g_e8FG5AtZakQdyeRUkA7b-Zp3sTDuhS_zmnyNZKRDOT8myGEZ2o7iA9o905Db8tUke4VetCZ3npMr-vR_RMUmMu2hhyMAWe1lYw7MWTUMhthrLNgFSqeEbVGGxw6pjTEgUuTnLTaGCmN2KQ5hQK-thpq34_aC-MXzrg6DXIUkny-w7I_vQ:1tkNkO:lKT3Mvh1-AZZeuk744BosCcjMuRmAKlrDtXLn8WKblY",
        "expire_date": "2025-03-04T13:34:48.473Z"
    }
},
{
    "model": "sessions.session",
    "pk": "jm28nyi0q76ifn0heok1h4farsshza9d",
    "fields": {
        "session_data": "eyJmZWNoYV9pbmljaW8iOiIwOC8wMi8yMDI1IDExOjA5In0:1tghly:AauwJpfUkJ8VQ_2WOyUcEVaYooSrd_8Tmn3nXN4Fa_w",
        "expire_date": "2025-02-22T10:09:14.248Z"
    }
},
{
    "model": "sessions.session",
    "pk": "k6dod0f3x1j97cabukheyv5zkswxnv9o",
    "fields": {
        "session_data": ".eJxVjLsOAiEUBX_FUBsEFriwpb3fQC4vQQ0k-6iM_-5usoW2Z-bMmzhcl-LWOU2uRjISTs6_m8fwTG0H8YHt3mnobZmqp7tCDzrTW4_pdT3cv0DBuWxvzAEArdFGMmEHnr2WGQYw1qBRXonsvdbeBOstUxojFxKSlUYDSAnDFs0pFHS11VD7VmRwYeIimFAnbkYlyecLw68_wQ:1tgSYI:qFGeVX5wzNrCClq7Yep-7qL52L5aIcWNq_JtMu0czJI",
        "expire_date": "2025-02-21T17:54:06.458Z"
    }
},
{
    "model": "sessions.session",
    "pk": "mfj9jx8ptxrohhxxemnrqpc5mswn691s",
    "fields": {
        "session_data": "eyJmZWNoYV9pbmljaW8iOiIwMy8wMy8yMDI1IDAwOjA4In0:1tosQA:2KWApFOKtH1FjEllrTXQmkuIOUa3zBb2av2HeJH9tRs",
        "expire_date": "2025-03-16T23:08:30.505Z"
    }
},
{
    "model": "sessions.session",
    "pk": "qecnllfukaa71rdpodm1ip0aei4yns4e",
    "fields": {
        "session_data": "eyJmZWNoYV9pbmljaW8iOiIwMy8wMy8yMDI1IDAwOjAxIn0:1tosIz:0xcr7-KCWuQdJYB09eqbYefEF7SI9sL9HkPH_zxmSCs",
        "expire_date": "2025-03-16T23:01:05.748Z"
    }
},
{
    "model": "sessions.session",
    "pk": "s6ufa0ytr47q47xogdzwrbvk0vxh4flm",
    "fields": {
        "session_data": "eyJmZWNoYV9pbmljaW8iOiIyNy8wMS8yMDI1IDE3OjAwIn0:1tcRXN:-HPu4azypXjLtKnoRaso8SGYrDEyTJbe10mr8cnZ4fM",
        "expire_date": "2025-02-10T16:00:33.655Z"
    }
},
{
    "model": "sessions.session",
    "pk": "suoqy8qn0ltb5zlk7vxzoq30pkkzyoo3",
    "fields": {
        "session_data": "eyJmZWNoYV9pbmljaW8iOiIyNy8wMS8yMDI1IDE3OjExIn0:1tcRhW:EHUL-XF-wbzyUhk50Izr0EU7YsxCBTY8AolasOTziy8",
        "expire_date": "2025-02-10T16:11:02.933Z"
    }
},
{
    "model": "sessions.session",
    "pk": "u12s94fan3vv3n8rpufzchuh5c9wo4of",
    "fields": {
        "session_data": "eyJmZWNoYV9pbmljaW8iOiIwMi8wMy8yMDI1IDIyOjUyIn0:1torEa:2ZbLfmcKxq4GlZNNBjHnDc1fx18LOlGMbmmGQ8ZNLM0",
        "expire_date": "2025-03-16T21:52:28.764Z"
    }
},
{
    "model": "sessions.session",
    "pk": "ucfhwc9qcvrf8qvowoyai9zqq36n5rjs",
    "fields": {
        "session_data": "eyJmZWNoYV9pbmljaW8iOiIwMi8wMy8yMDI1IDIyOjIyIn0:1toql9:w-FW-hOCeKH-cDenm8LLTFgBIYvKq877cdcOg38XRYI",
        "expire_date": "2025-03-16T21:22:03.038Z"
    }
},
{
    "model": "sessions.session",
    "pk": "xbjxb0pny88le5lfx8ni2lewspt19cd1",
    "fields": {
        "session_data": ".eJxVjEkKAjEURK8iWUvMPPTSvWcIP5OJSgI9rMS7m4ZeKNSq6tV7IwfbWty2pNnViCZE0fm38xCeqe1DfEC7dxx6W-fq8Y7gY13wrcf0uh7sn6DAUsYbctAarFFGEGY5zV6JrLk21oCRXrLsvVLeBOstkQoiZUInK4zSWgjNhzSnUMDVVkPtw0j4ZYQRJk-UTJygzxfDNT-w:1tp28P:V7On_TgXL6hmt9WgwpGdUnZODkhIPw_mrh0Whk_emXs",
        "expire_date": "2025-03-17T09:30:49.052Z"
    }
},
{
    "model": "sessions.session",
    "pk": "xlfahova91m0mhnzdc2tdcarg1dhzw4o",
    "fields": {
        "session_data": "eyJmZWNoYV9pbmljaW8iOiIxOC8wMi8yMDI1IDE0OjMzIn0:1tkNix:uwV9oZSKjOHgSiZTxlZGnBDLmTark8JvrnOvLVxR1pg",
        "expire_date": "2025-03-04T13:33:19.124Z"
    }
},
{
    "model": "sessions.session",
    "pk": "xwwgepgh695wr7p86yghpe29z94ft3lm",
    "fields": {
        "session_data": "eyJmZWNoYV9pbmljaW8iOiIwNy8wMi8yMDI1IDE4OjQ4In0:1tgSSr:Dtgv0WDHdv4hpK5dGjpcB160TWl8mJTnCbSUoY3GWj8",
        "expire_date": "2025-02-21T17:48:29.887Z"
    }
},
{
    "model": "sessions.session",
    "pk": "y0tbdbebz9jmuh5fdlal3u3bivmx51jo",
    "fields": {
        "session_data": ".eJxVjDsOwjAQBe_iGllx7Hh3Kek5Q7TrDw6gWIqTCnF3iJQC2jcz76VG3tYybi0t4xTVWRl1-t2EwyPNO4h3nm9VhzqvyyR6V_RBm77WmJ6Xw_07KNzKt-YcAJjQo-t6siaLdxksICHjIEOfRbwXDCTUDZ6j6R0kcugBnAOr3h_QNDbm:1tosL3:U0_m-D46eCCbzgIwF4LBwNFHh2lvU0A9lACo129NXRI",
        "expire_date": "2025-03-16T23:03:13.645Z"
    }
},
{
    "model": "sessions.session",
    "pk": "yi8po0a0kvdqggg5b07eutwqnc53ltq1",
    "fields": {
        "session_data": "eyJmZWNoYV9pbmljaW8iOiIwNy8wMi8yMDI1IDE5OjAyIn0:1tgSgM:NA-VOCwnFyJWJMhOdrTQXliqMcwvJp6LRmvamO_HTxY",
        "expire_date": "2025-02-21T18:02:26.873Z"
    }
},
{
    "model": "sessions.session",
    "pk": "yq7zv579kyp6dk58jz0zxi5cq8rfcfy0",
    "fields": {
        "session_data": ".eJxVjMsOwiAUBX_FsDYUKHChS_d-A7m8BDWQ9LEy_rs16abbMzPnQ3IKBV1tNdROJsL0wMQgmFAXDhMX5Eocbmtx25JmV-Ou8PPmMbxS-4P4xPboNPS2ztXTv0IPutB7j-l9O9zTQcGl7DXmAIDWaCOZsCPPXssMIxhr0CivRPZea2-C9ZYpjZELCclKowGkhJF8f3A_P7k:1tg4VV:3cgaUAs6bvLNnYEX1sqYKdbLbA7v0eVeZC5SFD-S-2w",
        "expire_date": "2025-02-20T16:13:37.737Z"
    }
},
{
    "model": "viajes.usuario",
    "pk": 1,
    "fields": {
        "password": "pbkdf2_sha256$870000$CRnbakCfiPLO5EnMdtAD4u$eUzmmjo7jYPSkxK9+U/TQZYYOyeGCKwVSXLjiTjj0+A=",
        "last_login": "2025-03-03T17:32:36.337Z",
        "is_superuser": true,
        "username": "alvaro",
        "first_name": "Alvaro",
        "last_name": "Conde",
        "email": "alvaro@gmail.com",
        "is_staff": true,
        "is_active": true,
        "date_joined": "2025-01-20T19:20:48Z",
        "nombre": "Alvaro Conde Soria",
        "correo": "alvaro@gmail.com",
        "telefono": "657892488",
        "edad": 42,
        "contraseña": "alvaro123",
        "fecha_registro": "2025-02-20",
        "imagen": "",
        "rol": 1,
        "groups": [],
        "user_permissions": []
    }
},
{
    "model": "viajes.usuario",
    "pk": 2,
    "fields": {
        "password": "pbkdf2_sha256$870000$M0KPoGNZ8SKyIgRDUl6nDY$z0l4Egp/Toe2P3WOBPEmIjUZC0b1JoRwiivLP52jYKA=",
        "last_login": "2025-01-20T19:40:20Z",
        "is_superuser": false,
        "username": "beatriz",
        "first_name": "Beatriz",
        "last_name": "Gomez",
        "email": "beatriz@gmail.com",
        "is_staff": false,
        "is_active": true,
        "date_joined": "2025-01-20T19:26:59Z",
        "nombre": "Beatriz Soria",
        "correo": "beatriz@gmail.com",
        "telefono": "657892488",
        "edad": 19,
        "contraseña": "usuario123",
        "fecha_registro": "2025-02-17",
        "imagen": "",
        "rol": 2,
        "groups": [
            1
        ],
        "user_permissions": []
    }
},
{
    "model": "viajes.usuario",
    "pk": 3,
    "fields": {
        "password": "pbkdf2_sha256$870000$5NUNpaJGAxHVZoleDsP7hZ$jt4QQKRDjiiC+z9MFis760OWraq9V4ONZBbt5XJYe1o=",
        "last_login": "2025-01-20T19:38:12Z",
        "is_superuser": false,
        "username": "luis",
        "first_name": "Luis",
        "last_name": "Garcia",
        "email": "luis@gmail.com",
        "is_staff": false,
        "is_active": true,
        "date_joined": "2025-01-20T19:27:28Z",
        "nombre": "Luis",
        "correo": "luis@gmail.com",
        "telefono": "786548777",
        "edad": 25,
        "contraseña": "usuario123",
        "fecha_registro": "2025-01-27",
        "imagen": "",
        "rol": 2,
        "groups": [
            1
        ],
        "user_permissions": []
    }
},
{
    "model": "viajes.usuario",
    "pk": 4,
    "fields": {
        "password": "pbkdf2_sha256$870000$5wyM6vD5u013PLiRQ3WLgk$0wQWZVq3UROWPe9kJbUEnnIZVpFii9PFKeLaAQXZbSs=",
        "last_login": "2025-01-20T19:38:47Z",
        "is_superuser": false,
        "username": "maria",
        "first_name": "Maria",
        "last_name": "De la O",
        "email": "maria@gmail.com",
        "is_staff": false,
        "is_active": true,
        "date_joined": "2025-01-20T19:27:57Z",
        "nombre": "Maria",
        "correo": "maria@gmail.com",
        "telefono": "685478524",
        "edad": 20,
        "contraseña": "usuario123",
        "fecha_registro": "2025-01-27",
        "imagen": "",
        "rol": 3,
        "groups": [
            2
        ],
        "user_permissions": []
    }
},
{
    "model": "viajes.usuario",
    "pk": 6,
    "fields": {
        "password": "",
        "last_login": null,
        "is_superuser": false,
        "username": "",
        "first_name": "",
        "last_name": "",
        "email": "",
        "is_staff": false,
        "is_active": true,
        "date_joined": "2025-02-23T09:05:25.148Z",
        "nombre": "Alberto",
        "correo": "maria@dwc.com",
        "telefono": "452145899",
        "edad": 24,
        "contraseña": "usuario123",
        "fecha_registro": "2025-02-23",
        "imagen": "",
        "rol": 1,
        "groups": [],
        "user_permissions": []
    }
},
{
    "model": "viajes.usuario",
    "pk": 7,
    "fields": {
        "password": "pbkdf2_sha256$870000$X7PcrstNcbjsDPaqoHR7FW$/6GUspnGSL/AihAnfTDs5VyI9VvjEMs7HCYdEg2MEg0=",
        "last_login": "2025-03-02T21:32:03.400Z",
        "is_superuser": false,
        "username": "pepe",
        "first_name": "",
        "last_name": "",
        "email": "",
        "is_staff": false,
        "is_active": true,
        "date_joined": "2025-03-02T21:31:43.381Z",
        "nombre": "Pepe",
        "correo": "pepe@dwc.com",
        "telefono": "789452555",
        "edad": 78,
        "contraseña": "",
        "fecha_registro": null,
        "imagen": "",
        "rol": 2,
        "groups": [
            1
        ],
        "user_permissions": []
    }
},
{
    "model": "viajes.usuario",
    "pk": 8,
    "fields": {
        "password": "pbkdf2_sha256$870000$El6VlukOBJCZ13bZbCIp5z$/yXKQQkZyc/h/MtjXbWuhb0Do63pByo9uBgyLK/71tE=",
        "last_login": null,
        "is_superuser": false,
        "username": "luisa",
        "first_name": "",
        "last_name": "",
        "email": "",
        "is_staff": false,
        "is_active": true,
        "date_joined": "2025-03-02T21:38:54Z",
        "nombre": "luisa",
        "correo": "luisa@gmail.com",
        "telefono": "786548777",
        "edad": 54,
        "contraseña": "usuario123",
        "fecha_registro": null,
        "imagen": "",
        "rol": 2,
        "groups": [
            1
        ],
        "user_permissions": []
    }
},
{
    "model": "viajes.usuario",
    "pk": 11,
    "fields": {
        "password": "pbkdf2_sha256$870000$lNiRpY5Xtw7i9LtEvv4401$bFcV81tK/5Yt0kCQKbzwuM2R7AWne6rn1T7HqrUD250=",
        "last_login": null,
        "is_superuser": false,
        "username": "juan",
        "first_name": "",
        "last_name": "",
        "email": "",
        "is_staff": false,
        "is_active": true,
        "date_joined": "2025-03-02T23:06:59.914Z",
        "nombre": "juan",
        "correo": "juan@gmail.com",
        "telefono": "656562997",
        "edad": 45,
        "contraseña": "usuario123",
        "fecha_registro": null,
        "imagen": "",
        "rol": 2,
        "groups": [],
        "user_permissions": []
    }
},
{
    "model": "viajes.cliente",
    "pk": 1,
    "fields": {
        "usuario": 2,
        "preferencias_viaje": null,
        "numero_viajes": 0
    }
},
{
    "model": "viajes.cliente",
    "pk": 2,
    "fields": {
        "usuario": 3,
        "preferencias_viaje": null,
        "numero_viajes": 0
    }
},
{
    "model": "viajes.cliente",
    "pk": 3,
    "fields": {
        "usuario": 7,
        "preferencias_viaje": null,
        "numero_viajes": 0
    }
},
{
    "model": "viajes.proveedor",
    "pk": 1,
    "fields": {
        "usuario": 4,
        "empresa": "Trablisa S.L.",
        "rating": 4.0
    }
},
{
    "model": "viajes.destino",
    "pk": 1,
    "fields": {
        "nombre": "Isla Paraíso",
        "pais": "Brasil",
        "descripcion": "Una isla escondida en el corazón de Brasil, famosa por sus playas de arena blanca y aguas cristalinas, rodeada de una exuberante vegetación tropical. Ideal para aquellos que buscan relajarse en un entorno tranquilo y natural.",
        "popularidad": 4.5
    }
},
{
    "model": "viajes.destino",
    "pk": 2,
    "fields": {
        "nombre": "Aventura Andina",
        "pais": "Perú",
        "descripcion": "Una experiencia única que te lleva a través de las montañas andinas, donde podrás explorar antiguas ruinas incas, caminar por senderos llenos de historia y disfrutar de vistas impresionantes de los picos nevados.",
        "popularidad": 4.8
    }
},
{
    "model": "viajes.destino",
    "pk": 3,
    "fields": {
        "nombre": "Misteriosas Islas Fiyi",
        "pais": "Fiyi",
        "descripcion": "Las Islas Fiyi son conocidas por sus playas de ensueño, sus vibrantes arrecifes de coral y su cultura polinesia única. Un paraíso tropical donde se puede disfrutar del sol, bucear en sus aguas turquesas o aprender sobre la rica herencia cultural.",
        "popularidad": 4.7
    }
},
{
    "model": "viajes.destino",
    "pk": 4,
    "fields": {
        "nombre": "Ciudades Medievales",
        "pais": "España",
        "descripcion": "Sumérgete en la historia medieval de España, visitando ciudades como Toledo, Salamanca y Ávila, llenas de castillos, murallas antiguas y calles empedradas, donde podrás sentir el pasado en cada rincón.",
        "popularidad": 4.2
    }
},
{
    "model": "viajes.reserva",
    "pk": 1,
    "fields": {
        "codigo_reserva": "1975",
        "fecha_salida": "2025-02-23T23:00:00Z",
        "fecha_llegada": "2025-02-24T23:00:00Z",
        "numero_personas": 2,
        "precio": "420.12",
        "usuario": 1
    }
},
{
    "model": "viajes.reserva",
    "pk": 2,
    "fields": {
        "codigo_reserva": "1548924",
        "fecha_salida": "2025-03-19T23:00:00Z",
        "fecha_llegada": "2025-03-20T23:00:00Z",
        "numero_personas": 5,
        "precio": "584.23",
        "usuario": 1
    }
},
{
    "model": "viajes.reserva",
    "pk": 3,
    "fields": {
        "codigo_reserva": "2025",
        "fecha_salida": "2025-10-11T22:00:00Z",
        "fecha_llegada": "2025-10-13T22:00:00Z",
        "numero_personas": 2,
        "precio": "150.00",
        "usuario": 3
    }
},
{
    "model": "viajes.reserva",
    "pk": 6,
    "fields": {
        "codigo_reserva": "44848",
        "fecha_salida": "2025-02-21T23:00:00Z",
        "fecha_llegada": "2025-02-22T23:00:00Z",
        "numero_personas": 4,
        "precio": "140.00",
        "usuario": 1
    }
},
{
    "model": "viajes.reserva",
    "pk": 7,
    "fields": {
        "codigo_reserva": "4565789",
        "fecha_salida": "2026-02-24T23:00:00Z",
        "fecha_llegada": "2026-02-26T23:00:00Z",
        "numero_personas": 5,
        "precio": "123.00",
        "usuario": 4
    }
},
{
    "model": "viajes.reserva",
    "pk": 9,
    "fields": {
        "codigo_reserva": "1890",
        "fecha_salida": "2025-03-07T23:00:00Z",
        "fecha_llegada": "2025-03-20T23:00:00Z",
        "numero_personas": 2,
        "precio": "2345.00",
        "usuario": 3
    }
},
{
    "model": "viajes.reserva",
    "pk": 10,
    "fields": {
        "codigo_reserva": "sdw435r5656",
        "fecha_salida": "2025-03-11T23:00:00Z",
        "fecha_llegada": "2025-03-23T23:00:00Z",
        "numero_personas": 1,
        "precio": "7854.00",
        "usuario": 3
    }
},
{
    "model": "viajes.comentario",
    "pk": 1,
    "fields": {
        "titulo": "Una experiencia inolvidable",
        "contenido": "Gracias a esta promoción, mi familia y yo disfrutamos de unas vacaciones increíbles. El alojamiento fue perfecto, el personal muy amable y los paisajes hermosos. ¡Recomendadísimo!",
        "fecha_comentario": "2025-01-20T19:29:00.468Z",
        "calificacion": 5.0,
        "usuario": 2
    }
},
{
    "model": "viajes.comentario",
    "pk": 2,
    "fields": {
        "titulo": "Aventura en su máxima expresión",
        "contenido": "La caminata por Los Andes fue espectacular. La promoción nos permitió vivir una experiencia única sin preocuparnos tanto por el presupuesto. ¡Un viaje que jamás olvidaré!",
        "fecha_comentario": "2025-01-20T19:30:47.160Z",
        "calificacion": 4.2,
        "usuario": 3
    }
},
{
    "model": "viajes.comentario",
    "pk": 3,
    "fields": {
        "titulo": "Juanito el mejor",
        "contenido": "una experiencia de o mejor",
        "fecha_comentario": "2025-03-03T13:52:16.392Z",
        "calificacion": 4.0,
        "usuario": 3
    }
},
{
    "model": "viajes.comentario",
    "pk": 4,
    "fields": {
        "titulo": "Juanito el mejor",
        "contenido": "una experiencia de o mejor",
        "fecha_comentario": "2025-03-03T13:52:26.664Z",
        "calificacion": 4.0,
        "usuario": 3
    }
},
{
    "model": "viajes.comentario",
    "pk": 5,
    "fields": {
        "titulo": "Juanito el mejor",
        "contenido": "una experiencia de o mejor",
        "fecha_comentario": "2025-03-03T13:53:02.057Z",
        "calificacion": 4.0,
        "usuario": 3
    }
},
{
    "model": "viajes.comentario",
    "pk": 6,
    "fields": {
        "titulo": "Juanito",
        "contenido": "pepepepepepep",
        "fecha_comentario": "2025-03-03T13:54:37.249Z",
        "calificacion": 4.0,
        "usuario": 3
    }
},
{
    "model": "viajes.alojamiento",
    "pk": 1,
    "fields": {
        "nombre": "Hotel Playa Dorada",
        "direccion": "Av. Brasil 205, Río de Janeiro, Brasil",
        "capacidad": 120,
        "tipo": "Hotel",
        "destino": 1,
        "reserva": [
            1
        ]
    }
},
{
    "model": "viajes.alojamiento",
    "pk": 2,
    "fields": {
        "nombre": "Cabañas Andinas",
        "direccion": "Calle Los Andes 452, Cusco, Perú",
        "capacidad": 50,
        "tipo": "Cabaña",
        "destino": 2,
        "reserva": [
            1
        ]
    }
},
{
    "model": "viajes.alojamiento",
    "pk": 3,
    "fields": {
        "nombre": "Resort Coral View",
        "direccion": "Playa de los Arrecifes, Islas Fiyi",
        "capacidad": 200,
        "tipo": "Resort",
        "destino": 3,
        "reserva": [
            2
        ]
    }
},
{
    "model": "viajes.alojamiento",
    "pk": 4,
    "fields": {
        "nombre": "Parador Medieval",
        "direccion": "Plaza Mayor 3, Salamanca, España",
        "capacidad": 80,
        "tipo": "Posada",
        "destino": 4,
        "reserva": [
            1,
            2
        ]
    }
},
{
    "model": "viajes.extra",
    "pk": 1,
    "fields": {
        "nombre": "Promociones",
        "tipo": "transporte",
        "descripcion": "20%",
        "precio": "150.00"
    }
},
{
    "model": "viajes.extra",
    "pk": 4,
    "fields": {
        "nombre": "Black friday",
        "tipo": "guia",
        "descripcion": "aaa",
        "precio": "12.00"
    }
},
{
    "model": "viajes.transporte",
    "pk": 1,
    "fields": {
        "tipo": "Helicoptero",
        "capacidad": 6,
        "disponible": true,
        "costo_por_persona": "246.60",
        "destino": [
            3,
            4
        ]
    }
},
{
    "model": "viajes.transporte",
    "pk": 7,
    "fields": {
        "tipo": "Avion",
        "capacidad": 200,
        "disponible": true,
        "costo_por_persona": "40.00",
        "destino": [
            1,
            2,
            3,
            4
        ]
    }
},
{
    "model": "viajes.transporte",
    "pk": 9,
    "fields": {
        "tipo": "Autobus",
        "capacidad": 30,
        "disponible": true,
        "costo_por_persona": "20.00",
        "destino": [
            2,
            4
        ]
    }
},
{
    "model": "viajes.transporte",
    "pk": 10,
    "fields": {
        "tipo": "Bus",
        "capacidad": 45,
        "disponible": true,
        "costo_por_persona": "23.00",
        "destino": [
            1,
            2
        ]
    }
},
{
    "model": "viajes.transporte",
    "pk": 11,
    "fields": {
        "tipo": "Perro salchicha",
        "capacidad": 3,
        "disponible": true,
        "costo_por_persona": "10.00",
        "destino": [
            1,
            3
        ]
    }
},
{
    "model": "viajes.promocion",
    "pk": 1,
    "fields": {
        "nombre": "Oferta Verano Dorado",
        "descripcion": "Disfruta de un verano inolvidable con un 20% de descuento en estancias de más de 3 noches.",
        "descuento_porcentaje": 20.0,
        "fecha_inicio": "2025-06-01",
        "fecha_fin": "2025-08-31",
        "activo": true,
        "alojamiento": 1,
        "destino": [
            1
        ]
    }
},
{
    "model": "viajes.promocion",
    "pk": 2,
    "fields": {
        "nombre": "Aventura en Los Andes",
        "descripcion": "Obtén un 15% de descuento en tus vacaciones andinas si reservas para 4 personas o más.",
        "descuento_porcentaje": 15.0,
        "fecha_inicio": "2025-03-01",
        "fecha_fin": "2025-05-31",
        "activo": true,
        "alojamiento": 2,
        "destino": [
            2
        ]
    }
},
{
    "model": "viajes.promocion",
    "pk": 3,
    "fields": {
        "nombre": "Escapada Tropical",
        "descripcion": "Reserva ahora y recibe un 25% de descuento en nuestro lujoso resort frente al mar.",
        "descuento_porcentaje": 25.0,
        "fecha_inicio": "2025-01-21",
        "fecha_fin": "2025-04-15",
        "activo": true,
        "alojamiento": 3,
        "destino": [
            3
        ]
    }
},
{
    "model": "viajes.promocion",
    "pk": 4,
    "fields": {
        "nombre": "Historia y Encanto Medieval",
        "descripcion": "Vive una experiencia histórica con un 10% de descuento en el Parador Medieval si reservas antes del 15 de abril.",
        "descuento_porcentaje": 10.0,
        "fecha_inicio": "2025-02-01",
        "fecha_fin": "2025-04-15",
        "activo": true,
        "alojamiento": 4,
        "destino": [
            4
        ]
    }
},
{
    "model": "oauth2_provider.application",
    "pk": 1,
    "fields": {
        "client_id": "aplicacion_cliente",
        "user": 1,
        "redirect_uris": "",
        "post_logout_redirect_uris": "",
        "client_type": "confidential",
        "authorization_grant_type": "password",
        "client_secret": "pbkdf2_sha256$870000$ijbOv2QHHi6MSSTIdKjidz$gJzL/K/EIF7OTCV/D05Rb9oGLxbHBMEjtqzhWbq+BYA=",
        "hash_client_secret": true,
        "name": "API Viajes",
        "skip_authorization": false,
        "created": "2025-02-06T16:14:38.488Z",
        "updated": "2025-02-06T16:14:38.488Z",
        "algorithm": "",
        "allowed_origins": ""
    }
},
{
    "model": "oauth2_provider.accesstoken",
    "pk": 1,
    "fields": {
        "user": 1,
        "source_refresh_token": null,
        "token": "nBfI1aL2WzhBXFWppqb3E0tbShRG3K",
        "token_checksum": "bc2f1052f5d0c8353c3ed4431ed3c9a383862907822150effa8c5b59ad6c20dc",
        "id_token": null,
        "application": 1,
        "expires": "2036-07-05T08:14:49.452Z",
        "scope": "read write groups",
        "created": "2025-02-06T16:14:49.452Z",
        "updated": "2025-02-06T16:14:49.452Z"
    }
},
{
    "model": "oauth2_provider.accesstoken",
    "pk": 2,
    "fields": {
        "user": 1,
        "source_refresh_token": null,
        "token": "cU25l5Hbt9Az5c9eUTi1Xz8VyHZdbm",
        "token_checksum": "458708512b183aafe4a49f15d59a5075406370363a92dfab5b701baca155953b",
        "id_token": null,
        "application": 1,
        "expires": "2036-07-06T09:54:57.335Z",
        "scope": "read write groups",
        "created": "2025-02-07T17:54:57.335Z",
        "updated": "2025-02-07T17:54:57.335Z"
    }
},
{
    "model": "oauth2_provider.accesstoken",
    "pk": 3,
    "fields": {
        "user": 1,
        "source_refresh_token": null,
        "token": "SjGOmRWk2M8rvjbOBxM9YpLpy6N3q6",
        "token_checksum": "5f7517340f38522fb38d1469fecd3a3508e15f9c7c1212083bc5143c984ab599",
        "id_token": null,
        "application": 1,
        "expires": "2036-07-06T10:04:46.579Z",
        "scope": "read write groups",
        "created": "2025-02-07T18:04:46.579Z",
        "updated": "2025-02-07T18:04:46.579Z"
    }
},
{
    "model": "oauth2_provider.accesstoken",
    "pk": 4,
    "fields": {
        "user": 1,
        "source_refresh_token": null,
        "token": "Qfk2TLpyeNLqveQvAhtVlozMDigOui",
        "token_checksum": "1a17cbd58e6e56086eb014f0b5455fccc90909ea6f9c75803676929b5f41b482",
        "id_token": null,
        "application": 1,
        "expires": "2036-07-06T10:16:13.657Z",
        "scope": "read write groups",
        "created": "2025-02-07T18:16:13.658Z",
        "updated": "2025-02-07T18:16:13.658Z"
    }
},
{
    "model": "oauth2_provider.accesstoken",
    "pk": 5,
    "fields": {
        "user": 1,
        "source_refresh_token": null,
        "token": "yg3d0jqtFcLjtdClCrWlClmwvXwLRl",
        "token_checksum": "235ea3e45fa2ed1bb87a60ee9f30ace0544ee57e535a502257286f17d17e897f",
        "id_token": null,
        "application": 1,
        "expires": "2036-07-06T10:16:17.177Z",
        "scope": "read write groups",
        "created": "2025-02-07T18:16:17.178Z",
        "updated": "2025-02-07T18:16:17.178Z"
    }
},
{
    "model": "oauth2_provider.accesstoken",
    "pk": 6,
    "fields": {
        "user": 1,
        "source_refresh_token": null,
        "token": "J3iv5PtklxaO6diQBETJyGzkpcpJCo",
        "token_checksum": "fad7bf290d4fd2c98e397fceb3c5db10259b43eeff50d975e2f5c2be7b1cf990",
        "id_token": null,
        "application": 1,
        "expires": "2036-07-06T10:17:23.483Z",
        "scope": "read write groups",
        "created": "2025-02-07T18:17:23.483Z",
        "updated": "2025-02-07T18:17:23.483Z"
    }
},
{
    "model": "oauth2_provider.accesstoken",
    "pk": 7,
    "fields": {
        "user": 1,
        "source_refresh_token": null,
        "token": "pNbulTtmzuS7kBj3UzzeFtOUUtAYzW",
        "token_checksum": "d35b9a294eace5029c882193de9ba3a58f2381a31a978caaa84b1644622c4818",
        "id_token": null,
        "application": 1,
        "expires": "2036-07-17T05:33:46.298Z",
        "scope": "read write groups",
        "created": "2025-02-18T13:33:46.298Z",
        "updated": "2025-02-18T13:33:46.298Z"
    }
},
{
    "model": "oauth2_provider.accesstoken",
    "pk": 8,
    "fields": {
        "user": 1,
        "source_refresh_token": null,
        "token": "lQfAkFbm1pBxDmLMggMjaemdnmQLsX",
        "token_checksum": "e3dbb74e2de40a3b9da2d1e3cefa73b88c32e0ed2e9af6681d143a95ff2da71d",
        "id_token": null,
        "application": 1,
        "expires": "2036-07-17T05:33:48.839Z",
        "scope": "read write groups",
        "created": "2025-02-18T13:33:48.839Z",
        "updated": "2025-02-18T13:33:48.839Z"
    }
},
{
    "model": "oauth2_provider.accesstoken",
    "pk": 9,
    "fields": {
        "user": 3,
        "source_refresh_token": null,
        "token": "8ORTCLriMTfgfg5MyFwYVjcibBkCIW",
        "token_checksum": "978013804c501c1fd975cea01d644069c0a039d8a9ac395fb26ab578b0074c8d",
        "id_token": null,
        "application": 1,
        "expires": "2036-07-17T05:37:56.138Z",
        "scope": "read write groups",
        "created": "2025-02-18T13:37:56.138Z",
        "updated": "2025-02-18T13:37:56.138Z"
    }
},
{
    "model": "oauth2_provider.accesstoken",
    "pk": 10,
    "fields": {
        "user": 4,
        "source_refresh_token": null,
        "token": "CpCFzmKl2wwvdc9awv0KVzJG9d51p5",
        "token_checksum": "61cc126b5828b54071208aab1651ba45e5de2bbdbb63aeb53f7ef8f779cea0e3",
        "id_token": null,
        "application": 1,
        "expires": "2036-07-17T05:38:16.291Z",
        "scope": "read write groups",
        "created": "2025-02-18T13:38:16.291Z",
        "updated": "2025-02-18T13:38:16.291Z"
    }
},
{
    "model": "oauth2_provider.accesstoken",
    "pk": 11,
    "fields": {
        "user": 1,
        "source_refresh_token": null,
        "token": "0yYVD75LHVAXHQ09aeqfyZjbBTPdp3",
        "token_checksum": "6dac32729c7f07dd3eb66823888727d715b9d2a53a0deff0668d270642b47df9",
        "id_token": null,
        "application": 1,
        "expires": "2036-07-17T05:41:36.587Z",
        "scope": "read write groups",
        "created": "2025-02-18T13:41:36.588Z",
        "updated": "2025-02-18T13:41:36.588Z"
    }
},
{
    "model": "oauth2_provider.accesstoken",
    "pk": 12,
    "fields": {
        "user": 3,
        "source_refresh_token": null,
        "token": "rcZZwkFjs0ka7e5SCZUcfkM6l0VFLj",
        "token_checksum": "e21c5165ecdf19fc95f8c132e5e9a3335a0b61a806d0d559880257e82ed04173",
        "id_token": null,
        "application": 1,
        "expires": "2036-07-20T08:59:24.819Z",
        "scope": "read write groups",
        "created": "2025-02-21T16:59:24.820Z",
        "updated": "2025-02-21T16:59:24.820Z"
    }
},
{
    "model": "oauth2_provider.accesstoken",
    "pk": 13,
    "fields": {
        "user": 4,
        "source_refresh_token": null,
        "token": "3Pf8WSVe19vUQCqFdT0iNjbi9mN3op",
        "token_checksum": "a3127f041a84445c9eeadd413d19a8b3b44158ce29ab95357b7a5779f0384abb",
        "id_token": null,
        "application": 1,
        "expires": "2036-07-20T08:59:38.304Z",
        "scope": "read write groups",
        "created": "2025-02-21T16:59:38.304Z",
        "updated": "2025-02-21T16:59:38.304Z"
    }
},
{
    "model": "oauth2_provider.accesstoken",
    "pk": 14,
    "fields": {
        "user": 1,
        "source_refresh_token": null,
        "token": "NyHuuw1Yw7mPX6jsBBPY34Ooc3fHGN",
        "token_checksum": "f35907ed69410e3028d1f66d2422ccf68793db1d16863256ceb1e19d8c077674",
        "id_token": null,
        "application": 1,
        "expires": "2036-07-20T09:00:06.156Z",
        "scope": "read write groups",
        "created": "2025-02-21T17:00:06.157Z",
        "updated": "2025-02-21T17:00:06.157Z"
    }
},
{
    "model": "oauth2_provider.accesstoken",
    "pk": 15,
    "fields": {
        "user": 1,
        "source_refresh_token": null,
        "token": "HP9OjSh00zkLZv7gKCcT6dgSTPUmf3",
        "token_checksum": "1300c4a42bfe0a4c1f7a8ad1f5fe857781cca8e42c35f337d6a09e73bc23d3ca",
        "id_token": null,
        "application": 1,
        "expires": "2036-07-29T13:36:00.761Z",
        "scope": "read write groups",
        "created": "2025-03-02T21:36:00.762Z",
        "updated": "2025-03-02T21:36:00.762Z"
    }
},
{
    "model": "oauth2_provider.accesstoken",
    "pk": 16,
    "fields": {
        "user": 3,
        "source_refresh_token": null,
        "token": "3k7DnS33b5iGFKoY20huOXxGJEweGz",
        "token_checksum": "49623a365f5c4d5ebb422c2d1dd7f69d83b0351119b7e351b558ae89a918ca4e",
        "id_token": null,
        "application": 1,
        "expires": "2036-07-29T13:39:30.056Z",
        "scope": "read write groups",
        "created": "2025-03-02T21:39:30.056Z",
        "updated": "2025-03-02T21:39:30.056Z"
    }
},
{
    "model": "oauth2_provider.accesstoken",
    "pk": 17,
    "fields": {
        "user": 4,
        "source_refresh_token": null,
        "token": "2bn8msi949aEFRndJG1i7Uk38G6Qiq",
        "token_checksum": "2ce51c0adc8cb8034a6130a8369f75d488e3e72ef8fbab0cc8621b0668a95c2b",
        "id_token": null,
        "application": 1,
        "expires": "2036-07-29T13:39:48.219Z",
        "scope": "read write groups",
        "created": "2025-03-02T21:39:48.219Z",
        "updated": "2025-03-02T21:39:48.219Z"
    }
},
{
    "model": "oauth2_provider.accesstoken",
    "pk": 18,
    "fields": {
        "user": 1,
        "source_refresh_token": null,
        "token": "rtCYg9PDW91BKVxgSl1GfYUDkygL8A",
        "token_checksum": "0288148efd0128c8e6a02c6bf220ba3086e7e3b75d1665734e0a47942b512975",
        "id_token": null,
        "application": 1,
        "expires": "2036-07-29T14:26:14.272Z",
        "scope": "read write groups",
        "created": "2025-03-02T22:26:14.272Z",
        "updated": "2025-03-02T22:26:14.272Z"
    }
},
{
    "model": "oauth2_provider.accesstoken",
    "pk": 19,
    "fields": {
        "user": 3,
        "source_refresh_token": null,
        "token": "MmTosX062SljE7w096hdDEvmvvHzf9",
        "token_checksum": "6bc56e9d0281462f410af90c1f8b15dd2802ae135fb9f956baa9e67707f5b08f",
        "id_token": null,
        "application": 1,
        "expires": "2036-07-29T14:26:36.019Z",
        "scope": "read write groups",
        "created": "2025-03-02T22:26:36.019Z",
        "updated": "2025-03-02T22:26:36.019Z"
    }
},
{
    "model": "oauth2_provider.accesstoken",
    "pk": 20,
    "fields": {
        "user": 4,
        "source_refresh_token": null,
        "token": "PK6YR5P8z257IVrDGp7hseYPvhOJdY",
        "token_checksum": "f25ffe2de16e215316a68cef8c91a9ff484ce03167da0427cc0084b0ba9bc8d5",
        "id_token": null,
        "application": 1,
        "expires": "2036-07-29T14:26:51.183Z",
        "scope": "read write groups",
        "created": "2025-03-02T22:26:51.183Z",
        "updated": "2025-03-02T22:26:51.183Z"
    }
},
{
    "model": "oauth2_provider.accesstoken",
    "pk": 21,
    "fields": {
        "user": 8,
        "source_refresh_token": null,
        "token": "SMcJtFIivNOVq6j9c5WaqY9zMp0xpV",
        "token_checksum": "ed45519e76f0674125c88696bae5219b8763a71c3aacb79acbe3000152eac6e8",
        "id_token": null,
        "application": 1,
        "expires": "2036-07-29T14:50:25.246Z",
        "scope": "read write groups",
        "created": "2025-03-02T22:50:25.246Z",
        "updated": "2025-03-02T22:50:25.246Z"
    }
},
{
    "model": "oauth2_provider.accesstoken",
    "pk": 22,
    "fields": {
        "user": 8,
        "source_refresh_token": null,
        "token": "uCPhRTQ6mWaQkvuJGl3NjnRAiJ0s2x",
        "token_checksum": "2b8dfc9b2ef5d2bf93b9ecae08d8de7586b662a51a18a94d22df98ea636c34c7",
        "id_token": null,
        "application": 1,
        "expires": "2036-07-29T14:51:09.003Z",
        "scope": "read write groups",
        "created": "2025-03-02T22:51:09.003Z",
        "updated": "2025-03-02T22:51:09.003Z"
    }
},
{
    "model": "oauth2_provider.accesstoken",
    "pk": 23,
    "fields": {
        "user": 8,
        "source_refresh_token": null,
        "token": "Otiget9Qy5TfiIoFA6Rt8MSx0qD92y",
        "token_checksum": "411e93286adfd82dd82501838886db449c30a3f1226ff8553b19d561d1af2a94",
        "id_token": null,
        "application": 1,
        "expires": "2036-07-29T14:53:24.204Z",
        "scope": "read write groups",
        "created": "2025-03-02T22:53:24.204Z",
        "updated": "2025-03-02T22:53:24.204Z"
    }
},
{
    "model": "oauth2_provider.accesstoken",
    "pk": 24,
    "fields": {
        "user": 3,
        "source_refresh_token": null,
        "token": "j0UEZwNuQzTCYjyg9d5zSlZyvsFNQU",
        "token_checksum": "0abe1b7ad48dc139b5afb04c5aa7e530f7b321a73d2363902479400a4c22c311",
        "id_token": null,
        "application": 1,
        "expires": "2036-07-29T14:54:22.583Z",
        "scope": "read write groups",
        "created": "2025-03-02T22:54:22.583Z",
        "updated": "2025-03-02T22:54:22.583Z"
    }
},
{
    "model": "oauth2_provider.accesstoken",
    "pk": 25,
    "fields": {
        "user": 3,
        "source_refresh_token": null,
        "token": "9B169oDRRZsgfdAtinZnqiACDuBwFv",
        "token_checksum": "ae7eda637898a40aeae236c7647c93d92e910bd0db90f0d8fd5263695e731f6a",
        "id_token": null,
        "application": 1,
        "expires": "2036-07-29T14:57:28.751Z",
        "scope": "read write groups",
        "created": "2025-03-02T22:57:28.751Z",
        "updated": "2025-03-02T22:57:28.751Z"
    }
},
{
    "model": "oauth2_provider.accesstoken",
    "pk": 30,
    "fields": {
        "user": 11,
        "source_refresh_token": null,
        "token": "3c3br6ZxucfFMKdDAAqLBK0lHTQRKv",
        "token_checksum": "61d5bbd2f4ca6ec1097d8010bf53841e7ab4818c41cda8626a388a273e4fd1bf",
        "id_token": null,
        "application": 1,
        "expires": "2036-07-29T15:07:01.436Z",
        "scope": "read write groups",
        "created": "2025-03-02T23:07:01.436Z",
        "updated": "2025-03-02T23:07:01.436Z"
    }
},
{
    "model": "oauth2_provider.accesstoken",
    "pk": 31,
    "fields": {
        "user": 11,
        "source_refresh_token": null,
        "token": "6acrHiLFOX2wkShB5Km5TI9GN9ousR",
        "token_checksum": "1fc105eb4a23435e14e162808c5193a2a29a1c26320ce3a670bf66adf6305f03",
        "id_token": null,
        "application": 1,
        "expires": "2036-07-29T15:07:16.428Z",
        "scope": "read write groups",
        "created": "2025-03-02T23:07:16.428Z",
        "updated": "2025-03-02T23:07:16.428Z"
    }
},
{
    "model": "oauth2_provider.accesstoken",
    "pk": 32,
    "fields": {
        "user": 11,
        "source_refresh_token": null,
        "token": "MBe7P4tlHoeyU0GMcFzwEBKlaqmqvT",
        "token_checksum": "29e16cc47405426cb26c813a2bdeab1089aeb33fc2ac00fa0529db4fdfbca68c",
        "id_token": null,
        "application": 1,
        "expires": "2036-07-29T15:10:47.513Z",
        "scope": "read write groups",
        "created": "2025-03-02T23:10:47.514Z",
        "updated": "2025-03-02T23:10:47.514Z"
    }
},
{
    "model": "oauth2_provider.accesstoken",
    "pk": 33,
    "fields": {
        "user": 11,
        "source_refresh_token": null,
        "token": "wSqv4qouFHhc63KoAX9F3O6ghiWOoj",
        "token_checksum": "cf0c42c538b3d7a38adb9425c88830407363dfb100cae1d4f233e7db3276023b",
        "id_token": null,
        "application": 1,
        "expires": "2036-07-29T15:12:16.095Z",
        "scope": "read write groups",
        "created": "2025-03-02T23:12:16.095Z",
        "updated": "2025-03-02T23:12:16.095Z"
    }
},
{
    "model": "oauth2_provider.accesstoken",
    "pk": 34,
    "fields": {
        "user": 8,
        "source_refresh_token": null,
        "token": "YdVQcwaFKzLbN9hvk1las4pRFsilTt",
        "token_checksum": "9dfe418f630034c9683d5b27842767c27867c36b59bdd47c9c32eb617c00ff8c",
        "id_token": null,
        "application": 1,
        "expires": "2036-07-29T15:12:30.494Z",
        "scope": "read write groups",
        "created": "2025-03-02T23:12:30.494Z",
        "updated": "2025-03-02T23:12:30.494Z"
    }
},
{
    "model": "oauth2_provider.accesstoken",
    "pk": 35,
    "fields": {
        "user": 11,
        "source_refresh_token": null,
        "token": "6t9I1P3o3okSTVM6E9pxnZSJdDnDfA",
        "token_checksum": "0169bbadea06496f701cf9d1d61faf80720b3e74266d7fd2a845896c98fa423e",
        "id_token": null,
        "application": 1,
        "expires": "2036-07-29T15:28:44.390Z",
        "scope": "read write groups",
        "created": "2025-03-02T23:28:44.391Z",
        "updated": "2025-03-02T23:28:44.391Z"
    }
},
{
    "model": "oauth2_provider.accesstoken",
    "pk": 36,
    "fields": {
        "user": 1,
        "source_refresh_token": null,
        "token": "1iJ4jnjsyVXbjilwcFXjPYbXDmK2bM",
        "token_checksum": "a7fce716191e3271bc037afe0bbfe6eb6eb65c03ae83979772b081103184b0ff",
        "id_token": null,
        "application": 1,
        "expires": "2036-07-29T15:31:17.203Z",
        "scope": "read write groups",
        "created": "2025-03-02T23:31:17.203Z",
        "updated": "2025-03-02T23:31:17.203Z"
    }
},
{
    "model": "oauth2_provider.accesstoken",
    "pk": 37,
    "fields": {
        "user": 1,
        "source_refresh_token": null,
        "token": "dDzMe8eDRQxC57jmD120gCfFnGqJMo",
        "token_checksum": "214ea70800a54294c78d46c9e9c484668a983f82e941872c122f83959909a558",
        "id_token": null,
        "application": 1,
        "expires": "2036-07-29T15:36:00.327Z",
        "scope": "read write groups",
        "created": "2025-03-02T23:36:00.327Z",
        "updated": "2025-03-02T23:36:00.327Z"
    }
},
{
    "model": "oauth2_provider.accesstoken",
    "pk": 38,
    "fields": {
        "user": 1,
        "source_refresh_token": null,
        "token": "sEy53Fi8qKXhkiXFq38CwqibiwX7s9",
        "token_checksum": "ea87c3b4bf3d40dd0fc9a70738f54dfda1e287ec77e504534ee65aaf39729272",
        "id_token": null,
        "application": 1,
        "expires": "2036-07-29T15:37:31.132Z",
        "scope": "read write groups",
        "created": "2025-03-02T23:37:31.133Z",
        "updated": "2025-03-02T23:37:31.133Z"
    }
},
{
    "model": "oauth2_provider.accesstoken",
    "pk": 39,
    "fields": {
        "user": 1,
        "source_refresh_token": null,
        "token": "Q7utUg8ONlBhvuiwDL35QfVTPYm1RI",
        "token_checksum": "ba7dce2b3779f7074c871bbd064cf9532b4c97f487d151871664518dabae9f15",
        "id_token": null,
        "application": 1,
        "expires": "2036-07-29T16:16:06.421Z",
        "scope": "read write groups",
        "created": "2025-03-03T00:16:06.421Z",
        "updated": "2025-03-03T00:16:06.421Z"
    }
},
{
    "model": "oauth2_provider.accesstoken",
    "pk": 40,
    "fields": {
        "user": 3,
        "source_refresh_token": null,
        "token": "LJB97aaffNffwAl4fYNsaalpFZn2pc",
        "token_checksum": "ada8898a719a90ebfed9973c0b64405639654eb7444046d41e92b4ef4efb5519",
        "id_token": null,
        "application": 1,
        "expires": "2036-07-30T01:08:16.242Z",
        "scope": "read write groups",
        "created": "2025-03-03T09:08:16.242Z",
        "updated": "2025-03-03T09:08:16.242Z"
    }
},
{
    "model": "oauth2_provider.accesstoken",
    "pk": 41,
    "fields": {
        "user": 3,
        "source_refresh_token": null,
        "token": "VQKSWDKTRZynvbyR8MArziu5kYONTh",
        "token_checksum": "a5a58c60479256477b3f60d2c672bbbe18d4fe1c1628044fc18ccd1103ccdf27",
        "id_token": null,
        "application": 1,
        "expires": "2036-07-30T01:17:29.570Z",
        "scope": "read write groups",
        "created": "2025-03-03T09:17:29.570Z",
        "updated": "2025-03-03T09:17:29.570Z"
    }
},
{
    "model": "oauth2_provider.accesstoken",
    "pk": 42,
    "fields": {
        "user": 1,
        "source_refresh_token": null,
        "token": "1xxfXixpxqxAiiYPpHYtGt1FRGsZ0L",
        "token_checksum": "54c13e8253e9ddccec81f220614aa7d2015cf6200ff11f412c66d6b0826ed23d",
        "id_token": null,
        "application": 1,
        "expires": "2036-07-30T01:19:56.757Z",
        "scope": "read write groups",
        "created": "2025-03-03T09:19:56.757Z",
        "updated": "2025-03-03T09:19:56.757Z"
    }
},
{
    "model": "oauth2_provider.accesstoken",
    "pk": 43,
    "fields": {
        "user": 3,
        "source_refresh_token": null,
        "token": "hC5F3KPVAzQy5Jak5qt39rKlo039dh",
        "token_checksum": "7d130e57d04f617f368a778946dde7c038b981fe852eae2f0424010ee7aa3db7",
        "id_token": null,
        "application": 1,
        "expires": "2036-07-30T01:20:18.007Z",
        "scope": "read write groups",
        "created": "2025-03-03T09:20:18.008Z",
        "updated": "2025-03-03T09:20:18.008Z"
    }
},
{
    "model": "oauth2_provider.accesstoken",
    "pk": 44,
    "fields": {
        "user": 4,
        "source_refresh_token": null,
        "token": "LUfuwrCZU2vscHOF0AFNrqeHXsYVnY",
        "token_checksum": "84fa132ce339e04d51dbaf1820439de9d0cb9853a204251a03f01255fc2c5aad",
        "id_token": null,
        "application": 1,
        "expires": "2036-07-30T01:20:29.261Z",
        "scope": "read write groups",
        "created": "2025-03-03T09:20:29.262Z",
        "updated": "2025-03-03T09:20:29.262Z"
    }
},
{
    "model": "oauth2_provider.accesstoken",
    "pk": 45,
    "fields": {
        "user": 3,
        "source_refresh_token": null,
        "token": "rhdUa7W9AOdOZJ5JwtPLcH4LJFXyLu",
        "token_checksum": "f3d951bfebab75289affa6c1ff82c64cf7f68c4b76ce31503281ffb578babadb",
        "id_token": null,
        "application": 1,
        "expires": "2036-07-30T01:32:30.233Z",
        "scope": "read write groups",
        "created": "2025-03-03T09:32:30.233Z",
        "updated": "2025-03-03T09:32:30.233Z"
    }
},
{
    "model": "oauth2_provider.accesstoken",
    "pk": 46,
    "fields": {
        "user": 3,
        "source_refresh_token": null,
        "token": "VibUvmvPmuMnNDXEeSbymfysW3AEP0",
        "token_checksum": "a9e4e7fdd09c04a56d1a2c7ff328bde5d1796dc402acf8eaf5ff1f4f1d591bb1",
        "id_token": null,
        "application": 1,
        "expires": "2036-07-30T01:32:38.571Z",
        "scope": "read write groups",
        "created": "2025-03-03T09:32:38.572Z",
        "updated": "2025-03-03T09:32:38.572Z"
    }
},
{
    "model": "oauth2_provider.accesstoken",
    "pk": 47,
    "fields": {
        "user": 3,
        "source_refresh_token": null,
        "token": "SjBLDItN6C7doPm9esX6NQ2zMdvTi0",
        "token_checksum": "7c6fad2a2f6bd7fb471c6e9cc59bf595a7635ec445b35c29f4f004082d721ad6",
        "id_token": null,
        "application": 1,
        "expires": "2036-07-30T01:34:24.833Z",
        "scope": "read write groups",
        "created": "2025-03-03T09:34:24.833Z",
        "updated": "2025-03-03T09:34:24.833Z"
    }
},
{
    "model": "oauth2_provider.accesstoken",
    "pk": 48,
    "fields": {
        "user": 3,
        "source_refresh_token": null,
        "token": "JwEmNkvqskXRnpGE4L6wjYzbFWEZHX",
        "token_checksum": "dbca5e01e5052760abc72690713797b2a9d04cc75b9e70dc1cc587908243f14a",
        "id_token": null,
        "application": 1,
        "expires": "2036-07-30T05:29:05.779Z",
        "scope": "read write groups",
        "created": "2025-03-03T13:29:05.779Z",
        "updated": "2025-03-03T13:29:05.779Z"
    }
},
{
    "model": "oauth2_provider.accesstoken",
    "pk": 49,
    "fields": {
        "user": 3,
        "source_refresh_token": null,
        "token": "O1n6bfz1HLfE3u1iYWk0w9JYFrdgP4",
        "token_checksum": "a632860e683f3fdecfbcbf88822db0024f8678ad170a03594dedbe3d9df63bc1",
        "id_token": null,
        "application": 1,
        "expires": "2036-07-30T06:08:57.014Z",
        "scope": "read write groups",
        "created": "2025-03-03T14:08:57.014Z",
        "updated": "2025-03-03T14:08:57.014Z"
    }
},
{
    "model": "oauth2_provider.accesstoken",
    "pk": 50,
    "fields": {
        "user": 3,
        "source_refresh_token": null,
        "token": "ncMvyIejRRsDnNKZKwyaLS7URlNYyS",
        "token_checksum": "90b81ad768032e5d52aa182a9d8cc2eec3a2f7bc741d83e124e0bc846ddf0078",
        "id_token": null,
        "application": 1,
        "expires": "2036-07-30T06:09:09.183Z",
        "scope": "read write groups",
        "created": "2025-03-03T14:09:09.183Z",
        "updated": "2025-03-03T14:09:09.183Z"
    }
},
{
    "model": "oauth2_provider.accesstoken",
    "pk": 51,
    "fields": {
        "user": 3,
        "source_refresh_token": null,
        "token": "ted0RkRRwUr5BkFMblsDYwXr5hp8wF",
        "token_checksum": "411e5c35c3634f1088de897b63a5f1b938b527c7fd1a65c069ecbb8b7e3b2ec3",
        "id_token": null,
        "application": 1,
        "expires": "2036-07-30T06:09:55.280Z",
        "scope": "read write groups",
        "created": "2025-03-03T14:09:55.280Z",
        "updated": "2025-03-03T14:09:55.280Z"
    }
},
{
    "model": "oauth2_provider.accesstoken",
    "pk": 52,
    "fields": {
        "user": 4,
        "source_refresh_token": null,
        "token": "FNBQmXjZNfVbDRgIiS9nuNlKlEU0oJ",
        "token_checksum": "a590fd5f152d9ae3d55f60e1d34c5edfae1d33c45aaad4e729194ec0e24a0a1d",
        "id_token": null,
        "application": 1,
        "expires": "2036-07-30T07:33:28.124Z",
        "scope": "read write groups",
        "created": "2025-03-03T15:33:28.125Z",
        "updated": "2025-03-03T15:33:28.125Z"
    }
},
{
    "model": "oauth2_provider.accesstoken",
    "pk": 53,
    "fields": {
        "user": 1,
        "source_refresh_token": null,
        "token": "DmioXNJpyvCXViqlrqcajoLPAdfeyk",
        "token_checksum": "6bb563075b08e58d374087dcffdc08d41b31f16ca8e2d2c1a0c8a4a57800c942",
        "id_token": null,
        "application": 1,
        "expires": "2036-07-30T07:34:46.841Z",
        "scope": "read write groups",
        "created": "2025-03-03T15:34:46.842Z",
        "updated": "2025-03-03T15:34:46.842Z"
    }
},
{
    "model": "oauth2_provider.accesstoken",
    "pk": 54,
    "fields": {
        "user": 3,
        "source_refresh_token": null,
        "token": "dB9QOgIqR0XM7WHkV6oxknERzmjCuU",
        "token_checksum": "f4a21e6c9c6cda083429ad5c6898d0315a690acda71672fb13cbc1d83e6149d6",
        "id_token": null,
        "application": 1,
        "expires": "2036-07-30T08:03:02.149Z",
        "scope": "read write groups",
        "created": "2025-03-03T16:03:02.149Z",
        "updated": "2025-03-03T16:03:02.149Z"
    }
},
{
    "model": "oauth2_provider.accesstoken",
    "pk": 55,
    "fields": {
        "user": 3,
        "source_refresh_token": null,
        "token": "ZahqU5d2ImE6SjudH2Fxj84J92asz3",
        "token_checksum": "4b578f5bea935724e0d7d879ed6cf0c016d65dc608ad0d651f0f8191915a71be",
        "id_token": null,
        "application": 1,
        "expires": "2036-07-30T08:42:39.554Z",
        "scope": "read write groups",
        "created": "2025-03-03T16:42:39.555Z",
        "updated": "2025-03-03T16:42:39.555Z"
    }
},
{
    "model": "oauth2_provider.accesstoken",
    "pk": 56,
    "fields": {
        "user": 3,
        "source_refresh_token": null,
        "token": "KSLUUubShO1r2ZFvfQCVf6QrPQK9my",
        "token_checksum": "4b761a7943e2abf1ea3f3f617a7351ff1f2c3d78d3da0114811304a31e8e7f60",
        "id_token": null,
        "application": 1,
        "expires": "2036-07-30T12:22:31.857Z",
        "scope": "read write groups",
        "created": "2025-03-03T20:22:31.857Z",
        "updated": "2025-03-03T20:22:31.857Z"
    }
},
{
    "model": "oauth2_provider.accesstoken",
    "pk": 57,
    "fields": {
        "user": 4,
        "source_refresh_token": null,
        "token": "ulLaeV7n7iT4XvVpvjyF0dSwEdElgQ",
        "token_checksum": "b8e8b337673380fb6cafcd7b7b184e0bed4de8d088be3d372129522f8dae33ac",
        "id_token": null,
        "application": 1,
        "expires": "2036-07-30T12:22:55.719Z",
        "scope": "read write groups",
        "created": "2025-03-03T20:22:55.720Z",
        "updated": "2025-03-03T20:22:55.720Z"
    }
},
{
    "model": "oauth2_provider.accesstoken",
    "pk": 58,
    "fields": {
        "user": 1,
        "source_refresh_token": null,
        "token": "6CkdBt260QJEzSP2jB7vGGkbDOraXj",
        "token_checksum": "9fb781370db2b4db25da769dd4f3cdb2ce6ff04ed3a76584c3719ad8e69ffefb",
        "id_token": null,
        "application": 1,
        "expires": "2036-07-30T12:23:07.995Z",
        "scope": "read write groups",
        "created": "2025-03-03T20:23:07.995Z",
        "updated": "2025-03-03T20:23:07.995Z"
    }
},
{
    "model": "oauth2_provider.refreshtoken",
    "pk": 1,
    "fields": {
        "user": 1,
        "token": "bjcM4HTjy8C7y7QLqz4KZrDuCrw66u",
        "application": 1,
        "access_token": 1,
        "token_family": "a3720e61-4ad2-4932-a1fe-b3126131a136",
        "created": "2025-02-06T16:14:49.453Z",
        "updated": "2025-02-06T16:14:49.453Z",
        "revoked": null
    }
},
{
    "model": "oauth2_provider.refreshtoken",
    "pk": 2,
    "fields": {
        "user": 1,
        "token": "gfQoI5uV2hipIxOVNHTNNjXKOGgrmI",
        "application": 1,
        "access_token": 2,
        "token_family": "5b6815fe-596f-4bd3-85e2-f14144744b53",
        "created": "2025-02-07T17:54:57.336Z",
        "updated": "2025-02-07T17:54:57.336Z",
        "revoked": null
    }
},
{
    "model": "oauth2_provider.refreshtoken",
    "pk": 3,
    "fields": {
        "user": 1,
        "token": "7mvq7mMqj8yvCb4OVKx5Ih5DJIM7U8",
        "application": 1,
        "access_token": 3,
        "token_family": "6219f40a-afbb-49ae-be5f-142008e041f6",
        "created": "2025-02-07T18:04:46.580Z",
        "updated": "2025-02-07T18:04:46.580Z",
        "revoked": null
    }
},
{
    "model": "oauth2_provider.refreshtoken",
    "pk": 4,
    "fields": {
        "user": 1,
        "token": "lsi0WiBmVdNOL71ZBsA57R2lOF0BKG",
        "application": 1,
        "access_token": 4,
        "token_family": "4c60de5f-838c-47bc-bfda-0750a280fd06",
        "created": "2025-02-07T18:16:13.659Z",
        "updated": "2025-02-07T18:16:13.659Z",
        "revoked": null
    }
},
{
    "model": "oauth2_provider.refreshtoken",
    "pk": 5,
    "fields": {
        "user": 1,
        "token": "4IUfaYefPBVNbVUJG7osdy2IhHNRBV",
        "application": 1,
        "access_token": 5,
        "token_family": "4bcfd63b-aa41-4775-b1d1-57c44bd93d20",
        "created": "2025-02-07T18:16:17.178Z",
        "updated": "2025-02-07T18:16:17.178Z",
        "revoked": null
    }
},
{
    "model": "oauth2_provider.refreshtoken",
    "pk": 6,
    "fields": {
        "user": 1,
        "token": "teXziIhZClAC00gYGmQT7ssUkCsxpS",
        "application": 1,
        "access_token": 6,
        "token_family": "4573d6fb-d390-4288-a4a6-415c7cafab75",
        "created": "2025-02-07T18:17:23.484Z",
        "updated": "2025-02-07T18:17:23.484Z",
        "revoked": null
    }
},
{
    "model": "oauth2_provider.refreshtoken",
    "pk": 7,
    "fields": {
        "user": 1,
        "token": "HJKHNFq9FZ6BZBotYfbMMGoZ3HhF60",
        "application": 1,
        "access_token": 7,
        "token_family": "1e620bb5-c5bd-4734-9b4f-8038142468d6",
        "created": "2025-02-18T13:33:46.301Z",
        "updated": "2025-02-18T13:33:46.301Z",
        "revoked": null
    }
},
{
    "model": "oauth2_provider.refreshtoken",
    "pk": 8,
    "fields": {
        "user": 1,
        "token": "JICacIj7fKT0gweVj71yLm3q9SMtQD",
        "application": 1,
        "access_token": 8,
        "token_family": "aab93b71-4c28-4814-b420-2c103b99bfe9",
        "created": "2025-02-18T13:33:48.840Z",
        "updated": "2025-02-18T13:33:48.840Z",
        "revoked": null
    }
},
{
    "model": "oauth2_provider.refreshtoken",
    "pk": 9,
    "fields": {
        "user": 3,
        "token": "u4cFDjdWut9Nt0XWuuz0b0YBGKAPZw",
        "application": 1,
        "access_token": 9,
        "token_family": "9661284f-676b-430d-8376-540d11b60998",
        "created": "2025-02-18T13:37:56.139Z",
        "updated": "2025-02-18T13:37:56.139Z",
        "revoked": null
    }
},
{
    "model": "oauth2_provider.refreshtoken",
    "pk": 10,
    "fields": {
        "user": 4,
        "token": "aiQd4TKHNUKyikx9IlqlLI6x4TE8V0",
        "application": 1,
        "access_token": 10,
        "token_family": "8ba2a2cc-9422-4ce2-8b19-ef9c680e80e4",
        "created": "2025-02-18T13:38:16.292Z",
        "updated": "2025-02-18T13:38:16.292Z",
        "revoked": null
    }
},
{
    "model": "oauth2_provider.refreshtoken",
    "pk": 11,
    "fields": {
        "user": 1,
        "token": "itr9mHehOLanv2KwWi9UuFo1v5rIgN",
        "application": 1,
        "access_token": 11,
        "token_family": "90a8b6df-6e74-4203-99db-1f3dd8f38dba",
        "created": "2025-02-18T13:41:36.588Z",
        "updated": "2025-02-18T13:41:36.588Z",
        "revoked": null
    }
},
{
    "model": "oauth2_provider.refreshtoken",
    "pk": 12,
    "fields": {
        "user": 3,
        "token": "qXxlXl7Y1RoK1vOF4Nyc9ASc8xGPEb",
        "application": 1,
        "access_token": 12,
        "token_family": "8d0294cb-1813-4fd1-b174-a6627db758ac",
        "created": "2025-02-21T16:59:24.822Z",
        "updated": "2025-02-21T16:59:24.822Z",
        "revoked": null
    }
},
{
    "model": "oauth2_provider.refreshtoken",
    "pk": 13,
    "fields": {
        "user": 4,
        "token": "YjrKOMHJS5T34DMEe1Nvtn8it8onqa",
        "application": 1,
        "access_token": 13,
        "token_family": "2533114b-6f2b-4c7c-9e16-75865f7f30f6",
        "created": "2025-02-21T16:59:38.305Z",
        "updated": "2025-02-21T16:59:38.305Z",
        "revoked": null
    }
},
{
    "model": "oauth2_provider.refreshtoken",
    "pk": 14,
    "fields": {
        "user": 1,
        "token": "RhMKeeEl24qAgptiYdCVMSKjGplZmC",
        "application": 1,
        "access_token": 14,
        "token_family": "29544546-34a3-4782-8fe7-1fa9b8bc06c4",
        "created": "2025-02-21T17:00:06.157Z",
        "updated": "2025-02-21T17:00:06.157Z",
        "revoked": null
    }
},
{
    "model": "oauth2_provider.refreshtoken",
    "pk": 15,
    "fields": {
        "user": 1,
        "token": "j4m4qOdcjRVmeZG8dx5ZKn291rf58R",
        "application": 1,
        "access_token": 15,
        "token_family": "3a4d136c-6fcf-4e9a-a5c2-3fb9bbfd17c8",
        "created": "2025-03-02T21:36:00.764Z",
        "updated": "2025-03-02T21:36:00.764Z",
        "revoked": null
    }
},
{
    "model": "oauth2_provider.refreshtoken",
    "pk": 16,
    "fields": {
        "user": 3,
        "token": "FRMExk2IWJvvapkkndH7vAlUl9FJhy",
        "application": 1,
        "access_token": 16,
        "token_family": "34476c12-7ad5-4d3c-867e-8d88ebcdde1f",
        "created": "2025-03-02T21:39:30.057Z",
        "updated": "2025-03-02T21:39:30.057Z",
        "revoked": null
    }
},
{
    "model": "oauth2_provider.refreshtoken",
    "pk": 17,
    "fields": {
        "user": 4,
        "token": "37e7NxpoWyAYB1hbIg6DMtfcnHaxD7",
        "application": 1,
        "access_token": 17,
        "token_family": "faa82392-be14-48d2-8d8c-4438455c6319",
        "created": "2025-03-02T21:39:48.220Z",
        "updated": "2025-03-02T21:39:48.220Z",
        "revoked": null
    }
},
{
    "model": "oauth2_provider.refreshtoken",
    "pk": 18,
    "fields": {
        "user": 1,
        "token": "Not1hk6SDZBwlg5dxJa1cXpIq9SQm9",
        "application": 1,
        "access_token": 18,
        "token_family": "5e62fc48-b939-49e3-a7e5-cf2767e116a9",
        "created": "2025-03-02T22:26:14.274Z",
        "updated": "2025-03-02T22:26:14.274Z",
        "revoked": null
    }
},
{
    "model": "oauth2_provider.refreshtoken",
    "pk": 19,
    "fields": {
        "user": 3,
        "token": "dQUztEVCvuDtf8iz4Ts9GZNnoMDG2t",
        "application": 1,
        "access_token": 19,
        "token_family": "373038f6-7d60-4153-bb01-bbf1ed7f02c7",
        "created": "2025-03-02T22:26:36.020Z",
        "updated": "2025-03-02T22:26:36.020Z",
        "revoked": null
    }
},
{
    "model": "oauth2_provider.refreshtoken",
    "pk": 20,
    "fields": {
        "user": 4,
        "token": "VAqoUMTZPtdl10JxTkm1bPsEOEjwtA",
        "application": 1,
        "access_token": 20,
        "token_family": "e50b56df-0309-4f31-acab-fd3b501319ac",
        "created": "2025-03-02T22:26:51.184Z",
        "updated": "2025-03-02T22:26:51.184Z",
        "revoked": null
    }
},
{
    "model": "oauth2_provider.refreshtoken",
    "pk": 21,
    "fields": {
        "user": 8,
        "token": "GWZXcOLH6uNh3RclXDx8epB6jvvNFS",
        "application": 1,
        "access_token": 21,
        "token_family": "8af55860-6966-4993-8605-af90531d5bae",
        "created": "2025-03-02T22:50:25.247Z",
        "updated": "2025-03-02T22:50:25.247Z",
        "revoked": null
    }
},
{
    "model": "oauth2_provider.refreshtoken",
    "pk": 22,
    "fields": {
        "user": 8,
        "token": "HCyGMpPmIQXPPFeORBR1LyFbqNjINQ",
        "application": 1,
        "access_token": 22,
        "token_family": "a3ccee0f-f803-4fa6-9610-3f0ef597c4de",
        "created": "2025-03-02T22:51:09.004Z",
        "updated": "2025-03-02T22:51:09.004Z",
        "revoked": null
    }
},
{
    "model": "oauth2_provider.refreshtoken",
    "pk": 23,
    "fields": {
        "user": 8,
        "token": "9vYvOOHN9FSxSxyg3pQhmsd0gA6k8N",
        "application": 1,
        "access_token": 23,
        "token_family": "226f7d96-ea61-433b-9a20-f3514bf867a9",
        "created": "2025-03-02T22:53:24.205Z",
        "updated": "2025-03-02T22:53:24.205Z",
        "revoked": null
    }
},
{
    "model": "oauth2_provider.refreshtoken",
    "pk": 24,
    "fields": {
        "user": 3,
        "token": "KFMrBDTZPHeVcwsrs86nP0Q7MUC3wr",
        "application": 1,
        "access_token": 24,
        "token_family": "0a2bad04-1618-4551-93de-5b7ed4fc060f",
        "created": "2025-03-02T22:54:22.584Z",
        "updated": "2025-03-02T22:54:22.584Z",
        "revoked": null
    }
},
{
    "model": "oauth2_provider.refreshtoken",
    "pk": 25,
    "fields": {
        "user": 3,
        "token": "CO6t4xBEOAuK6rijachyuBNsb7xAjX",
        "application": 1,
        "access_token": 25,
        "token_family": "153c0db1-67f5-4a55-bfae-4663f33ab057",
        "created": "2025-03-02T22:57:28.752Z",
        "updated": "2025-03-02T22:57:28.752Z",
        "revoked": null
    }
},
{
    "model": "oauth2_provider.refreshtoken",
    "pk": 30,
    "fields": {
        "user": 11,
        "token": "NCAtemRodXFbnUvPv4bFTNAUbzEUUT",
        "application": 1,
        "access_token": 30,
        "token_family": "787f8b15-b9dd-484e-9b3b-15c2047d99fa",
        "created": "2025-03-02T23:07:01.437Z",
        "updated": "2025-03-02T23:07:01.437Z",
        "revoked": null
    }
},
{
    "model": "oauth2_provider.refreshtoken",
    "pk": 31,
    "fields": {
        "user": 11,
        "token": "VCrTsbs8fTpItcsQ1ydg18vMpz9J1s",
        "application": 1,
        "access_token": 31,
        "token_family": "3b4c1db7-49f9-434a-843f-dd1d37ba32ed",
        "created": "2025-03-02T23:07:16.429Z",
        "updated": "2025-03-02T23:07:16.429Z",
        "revoked": null
    }
},
{
    "model": "oauth2_provider.refreshtoken",
    "pk": 32,
    "fields": {
        "user": 11,
        "token": "fJBo3fZ5cTfzRrELOn1kZaKXGvwiE3",
        "application": 1,
        "access_token": 32,
        "token_family": "da763f47-b67e-446d-a1b4-42989a6bc237",
        "created": "2025-03-02T23:10:47.514Z",
        "updated": "2025-03-02T23:10:47.514Z",
        "revoked": null
    }
},
{
    "model": "oauth2_provider.refreshtoken",
    "pk": 33,
    "fields": {
        "user": 11,
        "token": "QfrSicNOqtLZxlIRaCASElLQ7x3CGd",
        "application": 1,
        "access_token": 33,
        "token_family": "86809361-fc38-483a-a330-6b87a8b02c33",
        "created": "2025-03-02T23:12:16.096Z",
        "updated": "2025-03-02T23:12:16.096Z",
        "revoked": null
    }
},
{
    "model": "oauth2_provider.refreshtoken",
    "pk": 34,
    "fields": {
        "user": 8,
        "token": "w5DvWm3ASGMcIAdDUccyFF1GmDgyEy",
        "application": 1,
        "access_token": 34,
        "token_family": "081e7a3d-4a32-4014-a2bb-e1d5fc12bc53",
        "created": "2025-03-02T23:12:30.495Z",
        "updated": "2025-03-02T23:12:30.495Z",
        "revoked": null
    }
},
{
    "model": "oauth2_provider.refreshtoken",
    "pk": 35,
    "fields": {
        "user": 11,
        "token": "fLlVeHB5MIT5FPO6aqQUA8HFDgGnM2",
        "application": 1,
        "access_token": 35,
        "token_family": "bd4f80e8-14cb-48ab-bf10-2306aa13eb05",
        "created": "2025-03-02T23:28:44.392Z",
        "updated": "2025-03-02T23:28:44.392Z",
        "revoked": null
    }
},
{
    "model": "oauth2_provider.refreshtoken",
    "pk": 36,
    "fields": {
        "user": 1,
        "token": "4d9YvfhACs7K1if6f2cqqabvwuy31y",
        "application": 1,
        "access_token": 36,
        "token_family": "aeced702-b241-4cb8-9682-4806253dfe71",
        "created": "2025-03-02T23:31:17.204Z",
        "updated": "2025-03-02T23:31:17.204Z",
        "revoked": null
    }
},
{
    "model": "oauth2_provider.refreshtoken",
    "pk": 37,
    "fields": {
        "user": 1,
        "token": "KLETbUltGDwa3x1ZYkLlqvRRtBThS4",
        "application": 1,
        "access_token": 37,
        "token_family": "93a91182-9f25-4c34-94dd-dfbb2b9f49ff",
        "created": "2025-03-02T23:36:00.328Z",
        "updated": "2025-03-02T23:36:00.328Z",
        "revoked": null
    }
},
{
    "model": "oauth2_provider.refreshtoken",
    "pk": 38,
    "fields": {
        "user": 1,
        "token": "iScnDbeAseIbU8FYxed42n1tQTydAq",
        "application": 1,
        "access_token": 38,
        "token_family": "6b914b64-5905-45c5-8879-169e6463947d",
        "created": "2025-03-02T23:37:31.133Z",
        "updated": "2025-03-02T23:37:31.133Z",
        "revoked": null
    }
},
{
    "model": "oauth2_provider.refreshtoken",
    "pk": 39,
    "fields": {
        "user": 1,
        "token": "GH8RpUkd0M7xm7JTDVi9DXAfwaeG6T",
        "application": 1,
        "access_token": 39,
        "token_family": "316b4aa7-a111-4f1e-b42e-0a32736f9b0b",
        "created": "2025-03-03T00:16:06.422Z",
        "updated": "2025-03-03T00:16:06.422Z",
        "revoked": null
    }
},
{
    "model": "oauth2_provider.refreshtoken",
    "pk": 40,
    "fields": {
        "user": 3,
        "token": "d704yf7hz9XN1O74YVoCJkNL5DfTS0",
        "application": 1,
        "access_token": 40,
        "token_family": "b7497c7a-9450-4d08-a9c0-8e10b28a6d6d",
        "created": "2025-03-03T09:08:16.245Z",
        "updated": "2025-03-03T09:08:16.245Z",
        "revoked": null
    }
},
{
    "model": "oauth2_provider.refreshtoken",
    "pk": 41,
    "fields": {
        "user": 3,
        "token": "b6EFgsADtGOMt6miX7agQmysk3aEO4",
        "application": 1,
        "access_token": 41,
        "token_family": "518457fe-c534-4b8d-846e-19bd21f987c1",
        "created": "2025-03-03T09:17:29.571Z",
        "updated": "2025-03-03T09:17:29.571Z",
        "revoked": null
    }
},
{
    "model": "oauth2_provider.refreshtoken",
    "pk": 42,
    "fields": {
        "user": 1,
        "token": "XUgkEQoomDn3oIDkK774DE9MKu0nOg",
        "application": 1,
        "access_token": 42,
        "token_family": "243c449e-9e9e-42cc-91ff-3c12aaa3372f",
        "created": "2025-03-03T09:19:56.758Z",
        "updated": "2025-03-03T09:19:56.758Z",
        "revoked": null
    }
},
{
    "model": "oauth2_provider.refreshtoken",
    "pk": 43,
    "fields": {
        "user": 3,
        "token": "C3AanFVffzIWaNwKEDK7N4I8CaLJhm",
        "application": 1,
        "access_token": 43,
        "token_family": "7af53c2b-98d7-4d63-b951-2179c7fe400e",
        "created": "2025-03-03T09:20:18.009Z",
        "updated": "2025-03-03T09:20:18.009Z",
        "revoked": null
    }
},
{
    "model": "oauth2_provider.refreshtoken",
    "pk": 44,
    "fields": {
        "user": 4,
        "token": "0XpWwhgUE2JC0BaUItS2fVIVeQUEg4",
        "application": 1,
        "access_token": 44,
        "token_family": "dc01faac-3ff7-43c4-b1a3-1a1ca49bda46",
        "created": "2025-03-03T09:20:29.263Z",
        "updated": "2025-03-03T09:20:29.263Z",
        "revoked": null
    }
},
{
    "model": "oauth2_provider.refreshtoken",
    "pk": 45,
    "fields": {
        "user": 3,
        "token": "uWNSoV4pMGrfK6nHofjzjeY3DivQOD",
        "application": 1,
        "access_token": 45,
        "token_family": "d9008067-f1e6-4783-82b7-cee5b5598708",
        "created": "2025-03-03T09:32:30.234Z",
        "updated": "2025-03-03T09:32:30.234Z",
        "revoked": null
    }
},
{
    "model": "oauth2_provider.refreshtoken",
    "pk": 46,
    "fields": {
        "user": 3,
        "token": "qbzXAF5ZbpDrlG8lpkEiXPgAtyorwF",
        "application": 1,
        "access_token": 46,
        "token_family": "9dfb1342-8ade-47da-8704-a80e6ec2941e",
        "created": "2025-03-03T09:32:38.572Z",
        "updated": "2025-03-03T09:32:38.572Z",
        "revoked": null
    }
},
{
    "model": "oauth2_provider.refreshtoken",
    "pk": 47,
    "fields": {
        "user": 3,
        "token": "eTjytO6thSjfsKmDoX0PHPHLM7t0Qj",
        "application": 1,
        "access_token": 47,
        "token_family": "deef08f0-8540-4b37-b6d1-94a4d646abd1",
        "created": "2025-03-03T09:34:24.834Z",
        "updated": "2025-03-03T09:34:24.834Z",
        "revoked": null
    }
},
{
    "model": "oauth2_provider.refreshtoken",
    "pk": 48,
    "fields": {
        "user": 3,
        "token": "fCgdpgbk29ZryBoPFuDSKcApjNnabY",
        "application": 1,
        "access_token": 48,
        "token_family": "f5645bb8-23d6-4158-9c13-617553714b40",
        "created": "2025-03-03T13:29:05.780Z",
        "updated": "2025-03-03T13:29:05.780Z",
        "revoked": null
    }
},
{
    "model": "oauth2_provider.refreshtoken",
    "pk": 49,
    "fields": {
        "user": 3,
        "token": "3p83s9OV7VagvkF0pjszcI7uOH7ydv",
        "application": 1,
        "access_token": 49,
        "token_family": "6fe5d1a3-e26f-40eb-9d0e-2a910992567a",
        "created": "2025-03-03T14:08:57.015Z",
        "updated": "2025-03-03T14:08:57.015Z",
        "revoked": null
    }
},
{
    "model": "oauth2_provider.refreshtoken",
    "pk": 50,
    "fields": {
        "user": 3,
        "token": "NfkRtWrdSnJJ01lgQTN8doS9iWbMmv",
        "application": 1,
        "access_token": 50,
        "token_family": "286fa2e5-a7c1-4a90-a0d3-6a475d362f13",
        "created": "2025-03-03T14:09:09.184Z",
        "updated": "2025-03-03T14:09:09.184Z",
        "revoked": null
    }
},
{
    "model": "oauth2_provider.refreshtoken",
    "pk": 51,
    "fields": {
        "user": 3,
        "token": "Xi7ezc1dqMtcCYcskx06ElgJbTxzNb",
        "application": 1,
        "access_token": 51,
        "token_family": "abc18c85-e9d5-44de-bb54-b661f7a40920",
        "created": "2025-03-03T14:09:55.281Z",
        "updated": "2025-03-03T14:09:55.281Z",
        "revoked": null
    }
},
{
    "model": "oauth2_provider.refreshtoken",
    "pk": 52,
    "fields": {
        "user": 4,
        "token": "SI78LRyTBwTM4OUMz0Xq0p6sMYo7i5",
        "application": 1,
        "access_token": 52,
        "token_family": "4108a02e-87dd-47f2-9c5e-ed17d051236b",
        "created": "2025-03-03T15:33:28.126Z",
        "updated": "2025-03-03T15:33:28.126Z",
        "revoked": null
    }
},
{
    "model": "oauth2_provider.refreshtoken",
    "pk": 53,
    "fields": {
        "user": 1,
        "token": "NUvARowfhNqzclyLwf8FcgdZW32efw",
        "application": 1,
        "access_token": 53,
        "token_family": "a6f03177-b58c-40ad-8a86-2c453706ac2b",
        "created": "2025-03-03T15:34:46.843Z",
        "updated": "2025-03-03T15:34:46.843Z",
        "revoked": null
    }
},
{
    "model": "oauth2_provider.refreshtoken",
    "pk": 54,
    "fields": {
        "user": 3,
        "token": "Hmt2inTQPgFDf0nYkwndKfjAsX0VW0",
        "application": 1,
        "access_token": 54,
        "token_family": "4211ec3f-99da-48db-b89f-fd922180adfc",
        "created": "2025-03-03T16:03:02.150Z",
        "updated": "2025-03-03T16:03:02.150Z",
        "revoked": null
    }
},
{
    "model": "oauth2_provider.refreshtoken",
    "pk": 55,
    "fields": {
        "user": 3,
        "token": "nzT4e3wDrWVIb0E8Vt8p7Ql6U55wdC",
        "application": 1,
        "access_token": 55,
        "token_family": "eb6cfa24-b574-48f8-99d0-ad2e886f246b",
        "created": "2025-03-03T16:42:39.556Z",
        "updated": "2025-03-03T16:42:39.556Z",
        "revoked": null
    }
},
{
    "model": "oauth2_provider.refreshtoken",
    "pk": 56,
    "fields": {
        "user": 3,
        "token": "qla70SfQqReHjqTHAviTlYSN2zkILT",
        "application": 1,
        "access_token": 56,
        "token_family": "b5b5e941-7d3c-460e-9a33-c01c957c14f2",
        "created": "2025-03-03T20:22:31.858Z",
        "updated": "2025-03-03T20:22:31.858Z",
        "revoked": null
    }
},
{
    "model": "oauth2_provider.refreshtoken",
    "pk": 57,
    "fields": {
        "user": 4,
        "token": "m1GpI2aWMjuINW1IPCPitZSnXFIlZD",
        "application": 1,
        "access_token": 57,
        "token_family": "a62f0456-5cac-4096-a308-741243657377",
        "created": "2025-03-03T20:22:55.720Z",
        "updated": "2025-03-03T20:22:55.720Z",
        "revoked": null
    }
},
{
    "model": "oauth2_provider.refreshtoken",
    "pk": 58,
    "fields": {
        "user": 1,
        "token": "xQamg7iv5jMeQHYcDRluXXACu9Kg7A",
        "application": 1,
        "access_token": 58,
        "token_family": "b6b2b910-364e-457a-8188-8fc1392c46db",
        "created": "2025-03-03T20:23:07.996Z",
        "updated": "2025-03-03T20:23:07.996Z",
        "revoked": null
    }
}
]
