[
{
    "model": "admin.logentry",
    "pk": 1,
    "fields": {
        "action_time": "2025-01-20T19:24:05.307Z",
        "user": 1,
        "content_type": 3,
        "object_id": "1",
        "object_repr": "Clientes",
        "action_flag": 1,
        "change_message": "[{\"added\": {}}]"
    }
},
{
    "model": "admin.logentry",
    "pk": 2,
    "fields": {
        "action_time": "2025-01-20T19:25:36.923Z",
        "user": 1,
        "content_type": 3,
        "object_id": "2",
        "object_repr": "Proveedores",
        "action_flag": 1,
        "change_message": "[{\"added\": {}}]"
    }
},
{
    "model": "admin.logentry",
    "pk": 3,
    "fields": {
        "action_time": "2025-01-20T19:55:28.592Z",
        "user": 1,
        "content_type": 8,
        "object_id": "4",
        "object_repr": "maria",
        "action_flag": 2,
        "change_message": "[{\"changed\": {\"fields\": [\"Email address\", \"Edad\", \"Contrase\\u00f1a\"]}}]"
    }
},
{
    "model": "admin.logentry",
    "pk": 4,
    "fields": {
        "action_time": "2025-01-20T19:55:56.485Z",
        "user": 1,
        "content_type": 8,
        "object_id": "3",
        "object_repr": "luis",
        "action_flag": 2,
        "change_message": "[{\"changed\": {\"fields\": [\"Email address\", \"Edad\", \"Contrase\\u00f1a\"]}}]"
    }
},
{
    "model": "admin.logentry",
    "pk": 5,
    "fields": {
        "action_time": "2025-01-20T19:56:24.047Z",
        "user": 1,
        "content_type": 8,
        "object_id": "2",
        "object_repr": "beatriz",
        "action_flag": 2,
        "change_message": "[{\"changed\": {\"fields\": [\"Email address\", \"Edad\", \"Contrase\\u00f1a\"]}}]"
    }
},
{
    "model": "admin.logentry",
    "pk": 6,
    "fields": {
        "action_time": "2025-01-30T07:26:58.489Z",
        "user": 1,
        "content_type": 18,
        "object_id": "1",
        "object_repr": "Transporte object (1)",
        "action_flag": 1,
        "change_message": "[{\"added\": {}}]"
    }
},
{
    "model": "admin.logentry",
    "pk": 7,
    "fields": {
        "action_time": "2025-01-30T07:27:20.151Z",
        "user": 1,
        "content_type": 18,
        "object_id": "2",
        "object_repr": "Transporte object (2)",
        "action_flag": 1,
        "change_message": "[{\"added\": {}}]"
    }
},
{
    "model": "admin.logentry",
    "pk": 8,
    "fields": {
        "action_time": "2025-01-30T07:27:41.933Z",
        "user": 1,
        "content_type": 18,
        "object_id": "3",
        "object_repr": "Transporte object (3)",
        "action_flag": 1,
        "change_message": "[{\"added\": {}}]"
    }
},
{
    "model": "auth.permission",
    "pk": 1,
    "fields": {
        "name": "Can add log entry",
        "content_type": 1,
        "codename": "add_logentry"
    }
},
{
    "model": "auth.permission",
    "pk": 2,
    "fields": {
        "name": "Can change log entry",
        "content_type": 1,
        "codename": "change_logentry"
    }
},
{
    "model": "auth.permission",
    "pk": 3,
    "fields": {
        "name": "Can delete log entry",
        "content_type": 1,
        "codename": "delete_logentry"
    }
},
{
    "model": "auth.permission",
    "pk": 4,
    "fields": {
        "name": "Can view log entry",
        "content_type": 1,
        "codename": "view_logentry"
    }
},
{
    "model": "auth.permission",
    "pk": 5,
    "fields": {
        "name": "Can add permission",
        "content_type": 2,
        "codename": "add_permission"
    }
},
{
    "model": "auth.permission",
    "pk": 6,
    "fields": {
        "name": "Can change permission",
        "content_type": 2,
        "codename": "change_permission"
    }
},
{
    "model": "auth.permission",
    "pk": 7,
    "fields": {
        "name": "Can delete permission",
        "content_type": 2,
        "codename": "delete_permission"
    }
},
{
    "model": "auth.permission",
    "pk": 8,
    "fields": {
        "name": "Can view permission",
        "content_type": 2,
        "codename": "view_permission"
    }
},
{
    "model": "auth.permission",
    "pk": 9,
    "fields": {
        "name": "Can add group",
        "content_type": 3,
        "codename": "add_group"
    }
},
{
    "model": "auth.permission",
    "pk": 10,
    "fields": {
        "name": "Can change group",
        "content_type": 3,
        "codename": "change_group"
    }
},
{
    "model": "auth.permission",
    "pk": 11,
    "fields": {
        "name": "Can delete group",
        "content_type": 3,
        "codename": "delete_group"
    }
},
{
    "model": "auth.permission",
    "pk": 12,
    "fields": {
        "name": "Can view group",
        "content_type": 3,
        "codename": "view_group"
    }
},
{
    "model": "auth.permission",
    "pk": 13,
    "fields": {
        "name": "Can add content type",
        "content_type": 4,
        "codename": "add_contenttype"
    }
},
{
    "model": "auth.permission",
    "pk": 14,
    "fields": {
        "name": "Can change content type",
        "content_type": 4,
        "codename": "change_contenttype"
    }
},
{
    "model": "auth.permission",
    "pk": 15,
    "fields": {
        "name": "Can delete content type",
        "content_type": 4,
        "codename": "delete_contenttype"
    }
},
{
    "model": "auth.permission",
    "pk": 16,
    "fields": {
        "name": "Can view content type",
        "content_type": 4,
        "codename": "view_contenttype"
    }
},
{
    "model": "auth.permission",
    "pk": 17,
    "fields": {
        "name": "Can add session",
        "content_type": 5,
        "codename": "add_session"
    }
},
{
    "model": "auth.permission",
    "pk": 18,
    "fields": {
        "name": "Can change session",
        "content_type": 5,
        "codename": "change_session"
    }
},
{
    "model": "auth.permission",
    "pk": 19,
    "fields": {
        "name": "Can delete session",
        "content_type": 5,
        "codename": "delete_session"
    }
},
{
    "model": "auth.permission",
    "pk": 20,
    "fields": {
        "name": "Can view session",
        "content_type": 5,
        "codename": "view_session"
    }
},
{
    "model": "auth.permission",
    "pk": 21,
    "fields": {
        "name": "Can add destino",
        "content_type": 6,
        "codename": "add_destino"
    }
},
{
    "model": "auth.permission",
    "pk": 22,
    "fields": {
        "name": "Can change destino",
        "content_type": 6,
        "codename": "change_destino"
    }
},
{
    "model": "auth.permission",
    "pk": 23,
    "fields": {
        "name": "Can delete destino",
        "content_type": 6,
        "codename": "delete_destino"
    }
},
{
    "model": "auth.permission",
    "pk": 24,
    "fields": {
        "name": "Can view destino",
        "content_type": 6,
        "codename": "view_destino"
    }
},
{
    "model": "auth.permission",
    "pk": 25,
    "fields": {
        "name": "Can add extra",
        "content_type": 7,
        "codename": "add_extra"
    }
},
{
    "model": "auth.permission",
    "pk": 26,
    "fields": {
        "name": "Can change extra",
        "content_type": 7,
        "codename": "change_extra"
    }
},
{
    "model": "auth.permission",
    "pk": 27,
    "fields": {
        "name": "Can delete extra",
        "content_type": 7,
        "codename": "delete_extra"
    }
},
{
    "model": "auth.permission",
    "pk": 28,
    "fields": {
        "name": "Can view extra",
        "content_type": 7,
        "codename": "view_extra"
    }
},
{
    "model": "auth.permission",
    "pk": 29,
    "fields": {
        "name": "Can add user",
        "content_type": 8,
        "codename": "add_usuario"
    }
},
{
    "model": "auth.permission",
    "pk": 30,
    "fields": {
        "name": "Can change user",
        "content_type": 8,
        "codename": "change_usuario"
    }
},
{
    "model": "auth.permission",
    "pk": 31,
    "fields": {
        "name": "Can delete user",
        "content_type": 8,
        "codename": "delete_usuario"
    }
},
{
    "model": "auth.permission",
    "pk": 32,
    "fields": {
        "name": "Can view user",
        "content_type": 8,
        "codename": "view_usuario"
    }
},
{
    "model": "auth.permission",
    "pk": 33,
    "fields": {
        "name": "Can add cliente",
        "content_type": 9,
        "codename": "add_cliente"
    }
},
{
    "model": "auth.permission",
    "pk": 34,
    "fields": {
        "name": "Can change cliente",
        "content_type": 9,
        "codename": "change_cliente"
    }
},
{
    "model": "auth.permission",
    "pk": 35,
    "fields": {
        "name": "Can delete cliente",
        "content_type": 9,
        "codename": "delete_cliente"
    }
},
{
    "model": "auth.permission",
    "pk": 36,
    "fields": {
        "name": "Can view cliente",
        "content_type": 9,
        "codename": "view_cliente"
    }
},
{
    "model": "auth.permission",
    "pk": 37,
    "fields": {
        "name": "Can add comentario",
        "content_type": 10,
        "codename": "add_comentario"
    }
},
{
    "model": "auth.permission",
    "pk": 38,
    "fields": {
        "name": "Can change comentario",
        "content_type": 10,
        "codename": "change_comentario"
    }
},
{
    "model": "auth.permission",
    "pk": 39,
    "fields": {
        "name": "Can delete comentario",
        "content_type": 10,
        "codename": "delete_comentario"
    }
},
{
    "model": "auth.permission",
    "pk": 40,
    "fields": {
        "name": "Can view comentario",
        "content_type": 10,
        "codename": "view_comentario"
    }
},
{
    "model": "auth.permission",
    "pk": 41,
    "fields": {
        "name": "Can add alojamiento",
        "content_type": 11,
        "codename": "add_alojamiento"
    }
},
{
    "model": "auth.permission",
    "pk": 42,
    "fields": {
        "name": "Can change alojamiento",
        "content_type": 11,
        "codename": "change_alojamiento"
    }
},
{
    "model": "auth.permission",
    "pk": 43,
    "fields": {
        "name": "Can delete alojamiento",
        "content_type": 11,
        "codename": "delete_alojamiento"
    }
},
{
    "model": "auth.permission",
    "pk": 44,
    "fields": {
        "name": "Can view alojamiento",
        "content_type": 11,
        "codename": "view_alojamiento"
    }
},
{
    "model": "auth.permission",
    "pk": 45,
    "fields": {
        "name": "Can add pasaporte",
        "content_type": 12,
        "codename": "add_pasaporte"
    }
},
{
    "model": "auth.permission",
    "pk": 46,
    "fields": {
        "name": "Can change pasaporte",
        "content_type": 12,
        "codename": "change_pasaporte"
    }
},
{
    "model": "auth.permission",
    "pk": 47,
    "fields": {
        "name": "Can delete pasaporte",
        "content_type": 12,
        "codename": "delete_pasaporte"
    }
},
{
    "model": "auth.permission",
    "pk": 48,
    "fields": {
        "name": "Can view pasaporte",
        "content_type": 12,
        "codename": "view_pasaporte"
    }
},
{
    "model": "auth.permission",
    "pk": 49,
    "fields": {
        "name": "Can add promocion",
        "content_type": 13,
        "codename": "add_promocion"
    }
},
{
    "model": "auth.permission",
    "pk": 50,
    "fields": {
        "name": "Can change promocion",
        "content_type": 13,
        "codename": "change_promocion"
    }
},
{
    "model": "auth.permission",
    "pk": 51,
    "fields": {
        "name": "Can delete promocion",
        "content_type": 13,
        "codename": "delete_promocion"
    }
},
{
    "model": "auth.permission",
    "pk": 52,
    "fields": {
        "name": "Can view promocion",
        "content_type": 13,
        "codename": "view_promocion"
    }
},
{
    "model": "auth.permission",
    "pk": 53,
    "fields": {
        "name": "Can add proveedor",
        "content_type": 14,
        "codename": "add_proveedor"
    }
},
{
    "model": "auth.permission",
    "pk": 54,
    "fields": {
        "name": "Can change proveedor",
        "content_type": 14,
        "codename": "change_proveedor"
    }
},
{
    "model": "auth.permission",
    "pk": 55,
    "fields": {
        "name": "Can delete proveedor",
        "content_type": 14,
        "codename": "delete_proveedor"
    }
},
{
    "model": "auth.permission",
    "pk": 56,
    "fields": {
        "name": "Can view proveedor",
        "content_type": 14,
        "codename": "view_proveedor"
    }
},
{
    "model": "auth.permission",
    "pk": 57,
    "fields": {
        "name": "Can add reserva",
        "content_type": 15,
        "codename": "add_reserva"
    }
},
{
    "model": "auth.permission",
    "pk": 58,
    "fields": {
        "name": "Can change reserva",
        "content_type": 15,
        "codename": "change_reserva"
    }
},
{
    "model": "auth.permission",
    "pk": 59,
    "fields": {
        "name": "Can delete reserva",
        "content_type": 15,
        "codename": "delete_reserva"
    }
},
{
    "model": "auth.permission",
    "pk": 60,
    "fields": {
        "name": "Can view reserva",
        "content_type": 15,
        "codename": "view_reserva"
    }
},
{
    "model": "auth.permission",
    "pk": 61,
    "fields": {
        "name": "Can add factura",
        "content_type": 16,
        "codename": "add_factura"
    }
},
{
    "model": "auth.permission",
    "pk": 62,
    "fields": {
        "name": "Can change factura",
        "content_type": 16,
        "codename": "change_factura"
    }
},
{
    "model": "auth.permission",
    "pk": 63,
    "fields": {
        "name": "Can delete factura",
        "content_type": 16,
        "codename": "delete_factura"
    }
},
{
    "model": "auth.permission",
    "pk": 64,
    "fields": {
        "name": "Can view factura",
        "content_type": 16,
        "codename": "view_factura"
    }
},
{
    "model": "auth.permission",
    "pk": 65,
    "fields": {
        "name": "Can add extra reserva",
        "content_type": 17,
        "codename": "add_extrareserva"
    }
},
{
    "model": "auth.permission",
    "pk": 66,
    "fields": {
        "name": "Can change extra reserva",
        "content_type": 17,
        "codename": "change_extrareserva"
    }
},
{
    "model": "auth.permission",
    "pk": 67,
    "fields": {
        "name": "Can delete extra reserva",
        "content_type": 17,
        "codename": "delete_extrareserva"
    }
},
{
    "model": "auth.permission",
    "pk": 68,
    "fields": {
        "name": "Can view extra reserva",
        "content_type": 17,
        "codename": "view_extrareserva"
    }
},
{
    "model": "auth.permission",
    "pk": 69,
    "fields": {
        "name": "Can add transporte",
        "content_type": 18,
        "codename": "add_transporte"
    }
},
{
    "model": "auth.permission",
    "pk": 70,
    "fields": {
        "name": "Can change transporte",
        "content_type": 18,
        "codename": "change_transporte"
    }
},
{
    "model": "auth.permission",
    "pk": 71,
    "fields": {
        "name": "Can delete transporte",
        "content_type": 18,
        "codename": "delete_transporte"
    }
},
{
    "model": "auth.permission",
    "pk": 72,
    "fields": {
        "name": "Can view transporte",
        "content_type": 18,
        "codename": "view_transporte"
    }
},
{
    "model": "auth.permission",
    "pk": 73,
    "fields": {
        "name": "Can add application",
        "content_type": 19,
        "codename": "add_application"
    }
},
{
    "model": "auth.permission",
    "pk": 74,
    "fields": {
        "name": "Can change application",
        "content_type": 19,
        "codename": "change_application"
    }
},
{
    "model": "auth.permission",
    "pk": 75,
    "fields": {
        "name": "Can delete application",
        "content_type": 19,
        "codename": "delete_application"
    }
},
{
    "model": "auth.permission",
    "pk": 76,
    "fields": {
        "name": "Can view application",
        "content_type": 19,
        "codename": "view_application"
    }
},
{
    "model": "auth.permission",
    "pk": 77,
    "fields": {
        "name": "Can add access token",
        "content_type": 20,
        "codename": "add_accesstoken"
    }
},
{
    "model": "auth.permission",
    "pk": 78,
    "fields": {
        "name": "Can change access token",
        "content_type": 20,
        "codename": "change_accesstoken"
    }
},
{
    "model": "auth.permission",
    "pk": 79,
    "fields": {
        "name": "Can delete access token",
        "content_type": 20,
        "codename": "delete_accesstoken"
    }
},
{
    "model": "auth.permission",
    "pk": 80,
    "fields": {
        "name": "Can view access token",
        "content_type": 20,
        "codename": "view_accesstoken"
    }
},
{
    "model": "auth.permission",
    "pk": 81,
    "fields": {
        "name": "Can add grant",
        "content_type": 21,
        "codename": "add_grant"
    }
},
{
    "model": "auth.permission",
    "pk": 82,
    "fields": {
        "name": "Can change grant",
        "content_type": 21,
        "codename": "change_grant"
    }
},
{
    "model": "auth.permission",
    "pk": 83,
    "fields": {
        "name": "Can delete grant",
        "content_type": 21,
        "codename": "delete_grant"
    }
},
{
    "model": "auth.permission",
    "pk": 84,
    "fields": {
        "name": "Can view grant",
        "content_type": 21,
        "codename": "view_grant"
    }
},
{
    "model": "auth.permission",
    "pk": 85,
    "fields": {
        "name": "Can add refresh token",
        "content_type": 22,
        "codename": "add_refreshtoken"
    }
},
{
    "model": "auth.permission",
    "pk": 86,
    "fields": {
        "name": "Can change refresh token",
        "content_type": 22,
        "codename": "change_refreshtoken"
    }
},
{
    "model": "auth.permission",
    "pk": 87,
    "fields": {
        "name": "Can delete refresh token",
        "content_type": 22,
        "codename": "delete_refreshtoken"
    }
},
{
    "model": "auth.permission",
    "pk": 88,
    "fields": {
        "name": "Can view refresh token",
        "content_type": 22,
        "codename": "view_refreshtoken"
    }
},
{
    "model": "auth.permission",
    "pk": 89,
    "fields": {
        "name": "Can add id token",
        "content_type": 23,
        "codename": "add_idtoken"
    }
},
{
    "model": "auth.permission",
    "pk": 90,
    "fields": {
        "name": "Can change id token",
        "content_type": 23,
        "codename": "change_idtoken"
    }
},
{
    "model": "auth.permission",
    "pk": 91,
    "fields": {
        "name": "Can delete id token",
        "content_type": 23,
        "codename": "delete_idtoken"
    }
},
{
    "model": "auth.permission",
    "pk": 92,
    "fields": {
        "name": "Can view id token",
        "content_type": 23,
        "codename": "view_idtoken"
    }
},
{
    "model": "auth.group",
    "pk": 1,
    "fields": {
        "name": "Clientes",
        "permissions": [
            44,
            37,
            38,
            39,
            40,
            24,
            28,
            64,
            48,
            52,
            57,
            58,
            59,
            60,
            72
        ]
    }
},
{
    "model": "auth.group",
    "pk": 2,
    "fields": {
        "name": "Proveedores",
        "permissions": [
            41,
            42,
            43,
            44,
            36,
            38,
            39,
            40,
            21,
            22,
            23,
            24,
            28,
            68,
            64,
            48,
            49,
            50,
            51,
            52,
            56,
            60,
            72
        ]
    }
},
{
    "model": "contenttypes.contenttype",
    "pk": 1,
    "fields": {
        "app_label": "admin",
        "model": "logentry"
    }
},
{
    "model": "contenttypes.contenttype",
    "pk": 2,
    "fields": {
        "app_label": "auth",
        "model": "permission"
    }
},
{
    "model": "contenttypes.contenttype",
    "pk": 3,
    "fields": {
        "app_label": "auth",
        "model": "group"
    }
},
{
    "model": "contenttypes.contenttype",
    "pk": 4,
    "fields": {
        "app_label": "contenttypes",
        "model": "contenttype"
    }
},
{
    "model": "contenttypes.contenttype",
    "pk": 5,
    "fields": {
        "app_label": "sessions",
        "model": "session"
    }
},
{
    "model": "contenttypes.contenttype",
    "pk": 6,
    "fields": {
        "app_label": "viajes",
        "model": "destino"
    }
},
{
    "model": "contenttypes.contenttype",
    "pk": 7,
    "fields": {
        "app_label": "viajes",
        "model": "extra"
    }
},
{
    "model": "contenttypes.contenttype",
    "pk": 8,
    "fields": {
        "app_label": "viajes",
        "model": "usuario"
    }
},
{
    "model": "contenttypes.contenttype",
    "pk": 9,
    "fields": {
        "app_label": "viajes",
        "model": "cliente"
    }
},
{
    "model": "contenttypes.contenttype",
    "pk": 10,
    "fields": {
        "app_label": "viajes",
        "model": "comentario"
    }
},
{
    "model": "contenttypes.contenttype",
    "pk": 11,
    "fields": {
        "app_label": "viajes",
        "model": "alojamiento"
    }
},
{
    "model": "contenttypes.contenttype",
    "pk": 12,
    "fields": {
        "app_label": "viajes",
        "model": "pasaporte"
    }
},
{
    "model": "contenttypes.contenttype",
    "pk": 13,
    "fields": {
        "app_label": "viajes",
        "model": "promocion"
    }
},
{
    "model": "contenttypes.contenttype",
    "pk": 14,
    "fields": {
        "app_label": "viajes",
        "model": "proveedor"
    }
},
{
    "model": "contenttypes.contenttype",
    "pk": 15,
    "fields": {
        "app_label": "viajes",
        "model": "reserva"
    }
},
{
    "model": "contenttypes.contenttype",
    "pk": 16,
    "fields": {
        "app_label": "viajes",
        "model": "factura"
    }
},
{
    "model": "contenttypes.contenttype",
    "pk": 17,
    "fields": {
        "app_label": "viajes",
        "model": "extrareserva"
    }
},
{
    "model": "contenttypes.contenttype",
    "pk": 18,
    "fields": {
        "app_label": "viajes",
        "model": "transporte"
    }
},
{
    "model": "contenttypes.contenttype",
    "pk": 19,
    "fields": {
        "app_label": "oauth2_provider",
        "model": "application"
    }
},
{
    "model": "contenttypes.contenttype",
    "pk": 20,
    "fields": {
        "app_label": "oauth2_provider",
        "model": "accesstoken"
    }
},
{
    "model": "contenttypes.contenttype",
    "pk": 21,
    "fields": {
        "app_label": "oauth2_provider",
        "model": "grant"
    }
},
{
    "model": "contenttypes.contenttype",
    "pk": 22,
    "fields": {
        "app_label": "oauth2_provider",
        "model": "refreshtoken"
    }
},
{
    "model": "contenttypes.contenttype",
    "pk": 23,
    "fields": {
        "app_label": "oauth2_provider",
        "model": "idtoken"
    }
},
{
    "model": "sessions.session",
    "pk": "0di9cfb4g53m0h4k45l58r1wfq1ckh0l",
    "fields": {
        "session_data": ".eJxVjMsOwiAQRX_FsDaUToE6Xbr3GwgMU0ENJH2sjP9um3Sh23vOPW_h_Lokt848uRzFIFpx_t2CpyeXHcSHL_cqqZZlykHuijzoLG818ut6uH-B5Oe0vRVDixgCg1VoiYh7UAhKoyLf6-i1GTuLBiN2hg2jATaBbAf6EjSNW3RkSt7lkinXrQiXRrUNKDAnhQOA-HwB2cZAWg:1tcgri:w2IarZOOGciIu9y9z56lyGkSzXVJdqZUB9V5olSBhdc",
        "expire_date": "2025-02-11T08:22:34.052Z"
    }
},
{
    "model": "sessions.session",
    "pk": "0me6l5n6bgqyoaywcj8oqpv4dysei69o",
    "fields": {
        "session_data": ".eJxVjMsOwiAQRX_FsDaUTgGZLt37DQ0MU0ENJH2sjP9um3Sh23vOPW8x-HVJwzrzNOQoetGK8-8WPD257CA-fLlXSbUsUw5yV-RBZ3mrkV_Xw_0LJD-n7a0YWsQQGKxCS0R8AYWgNCryFx29NmNn0WDEzrBhNMAmkO1Au6Bp3KIjU_JDLply3YrgGtU2oMCclOvBic8X2dJAXw:1tcg0w:qXKrfWT7GPuYLIe5e0enzWNP82fqcxtvxjUEBkPKvvU",
        "expire_date": "2025-02-11T07:28:02.252Z"
    }
},
{
    "model": "sessions.session",
    "pk": "2icvge3ccg2re1o71j7u0ihmq3gt0djw",
    "fields": {
        "session_data": ".eJxVjMsOwiAQRX_FsDaUTgGZLt37DQ0MU0ENJH2sjP9um3Sh23vOPW8x-HVJwzrzNOQoetGK8-8WPD257CA-fLlXSbUsUw5yV-RBZ3mrkV_Xw_0LJD-n7a0YWsQQGKxCS0R8AYWgNCryFx29NmNn0WDEzrBhNMAmkO1Au6Bp3KIjU_JDLply3YrgGtU2oMCclOvBic8X2dJAXw:1tcg1m:pQNHdq_eNvTEMpdt4CKyUnOEsTx2Lfvb4LH11UN083A",
        "expire_date": "2025-02-11T07:28:54.894Z"
    }
},
{
    "model": "sessions.session",
    "pk": "3q5gc9m6m49664jl639m3elvsdxq0mcj",
    "fields": {
        "session_data": ".eJxVjEEOwiAQRe_C2hA6Beq4dN8zEGaYStVAUtqV8e7apAvd_vfef6kQtzWHrckS5qQuqlOn340iP6TsIN1juVXNtazLTHpX9EGbHmuS5_Vw_w5ybPlbG4EOkUjAG_TMLAMYBGPRcBxsitZNvUeHCXsnTtCBOGLfgz2T5Um9P9F_N4I:1tdOwd:FMPzIiM2g9_rfXATWs9KbUQG-VpbabDy8jXX84qD0P4",
        "expire_date": "2025-02-13T07:26:35.627Z"
    }
},
{
    "model": "sessions.session",
    "pk": "42xs39le6f3ec54jxue5pbktqzmq5l4h",
    "fields": {
        "session_data": "eyJmZWNoYV9pbmljaW8iOiIzMS8wMS8yMDI1IDEyOjU0In0:1tdpbu:DyT0d62aVVYYog1pxNkLGH6eqWRZ9xmX1o9I8w_D6Bk",
        "expire_date": "2025-02-14T11:54:58.576Z"
    }
},
{
    "model": "sessions.session",
    "pk": "4fwkodvx8npgrcorsaq930njsr95191w",
    "fields": {
        "session_data": ".eJxVjDsOwyAQBa8SUUc2rAFnXabPGRAs60ASgeRPFeXusSU3bt_MvK8YmZJ3uWTKVQwCdCtVCxLMRcGgQFyF8-uS3Drz5HLcFHXegqc3lx3Ely_P2lAty5RDsyvNQefmUSN_7od7Okh-TlstGRRiCAxWoiUi7kEiSI2SfK-j12bsLBqM2Bk2jAbYBLId6FvQNIrfH21kQE8:1tcg0g:0neENuivd6FzX-hhqvNPHrMFLbXQGwVxH6kIHRxvBGg",
        "expire_date": "2025-02-11T07:27:46.688Z"
    }
},
{
    "model": "sessions.session",
    "pk": "fmhamhgotfndn4nvt4qilzjdehlyiz7q",
    "fields": {
        "session_data": "eyJmZWNoYV9pbmljaW8iOiIyOC8wMS8yMDI1IDA5OjI4In0:1tcgxM:q1hy2isC3ygX8_IH3wzDi3XeKXEG_72sySbtsDPDN_o",
        "expire_date": "2025-02-11T08:28:24.284Z"
    }
},
{
    "model": "sessions.session",
    "pk": "ghf4wvr33n7sd2bc2jvrbjuo0egsufko",
    "fields": {
        "session_data": ".eJxVjEEOwiAQRe_C2hA6Beq4dN8zEGaYStVAUtqV8e7apAvd_vfef6kQtzWHrckS5qQuqlOn340iP6TsIN1juVXNtazLTHpX9EGbHmuS5_Vw_w5ybPlbG4EOkUjAG_TMLAMYBGPRcBxsitZNvUeHCXsnTtCBOGLfgz2T5Um9P9F_N4I:1tdOyE:nvCkR83S9SVu5hh9pCef985ojQxSizQt0GAioxDsZac",
        "expire_date": "2025-02-13T07:28:14.122Z"
    }
},
{
    "model": "sessions.session",
    "pk": "ka98axs37hqimustdv14mpl9xjjz80pn",
    "fields": {
        "session_data": ".eJxVjMsOwiAQRX_FsDaUToE6Xbr3GwgMU0ENJH2sjP9um3Sh23vOPW_h_Lokt848uRzFIFpx_t2CpyeXHcSHL_cqqZZlykHuijzoLG818ut6uH-B5Oe0vRVDixgCg1VoiYh7UAhKoyLf6-i1GTuLBiN2hg2jATaBbAf6EjSNW3RkSt7lkinXrQiXRrUNKDAnhYOx4vMF2d5AYQ:1tchOb:JqKcmE5zE4SH2C3tRAhj8NW00Bx8lBzd8JACuQWv8dI",
        "expire_date": "2025-02-11T08:56:33.398Z"
    }
},
{
    "model": "sessions.session",
    "pk": "kavhcpe02zdq9xuawnpotwehik9lgzhr",
    "fields": {
        "session_data": "eyJmZWNoYV9pbmljaW8iOiIzMC8wMS8yMDI1IDA4OjU5In0:1tdPSU:bvbSXrnh5mlfoyYO-7Keeb4XQ8bRRc1oCYqBuakwkt4",
        "expire_date": "2025-02-13T07:59:30.255Z"
    }
},
{
    "model": "sessions.session",
    "pk": "oub17fksi55j7doxxm0jw7rrfspe4t04",
    "fields": {
        "session_data": "eyJmZWNoYV9pbmljaW8iOiIzMC8wMS8yMDI1IDA4OjMwIn0:1tdP0h:3faYZbFxn9xZp4wUzG7-4k6UCht4y9FLwP9cNIyEusg",
        "expire_date": "2025-02-13T07:30:47.203Z"
    }
},
{
    "model": "sessions.session",
    "pk": "qxjoudou007jlag4zhwnt3ky4ct8fji8",
    "fields": {
        "session_data": "eyJmZWNoYV9pbmljaW8iOiIzMC8wMS8yMDI1IDA4OjIzIn0:1tdOtx:bRsEw1_VQjpWdvGwykd8O3TWNyxhra9YdReBTK98ifE",
        "expire_date": "2025-02-13T07:23:49.630Z"
    }
},
{
    "model": "sessions.session",
    "pk": "s6ufa0ytr47q47xogdzwrbvk0vxh4flm",
    "fields": {
        "session_data": ".eJxVjDsOwyAQBa8SUUcY1nyMy_Q5gwULG0gikPypotw9juTG7ZuZ92GUMPup1IKlsZGB6ITsQIC-gBi1Ylc2-W3N07akeSpxV-R5Cx5fqf5BfPr6aBxbXecS-F_hB134vcX0vh3u6SD7Je91AIcYgWyUvU7Wul4NNuEQrZFJKyVJul5b7QdHaMAZLwiIjFGJjIiBfX947ECX:1tZxrP:Z1EnOGj2x_N5u_SmlyCOOwybnKVfKgDIJIgsAgG2GG4",
        "expire_date": "2025-02-03T19:54:59.985Z"
    }
},
{
    "model": "sessions.session",
    "pk": "s71secbqn58yuh1t0j2pw7i9ruskkchn",
    "fields": {
        "session_data": "eyJmZWNoYV9pbmljaW8iOiIyOC8wMS8yMDI1IDEwOjEyIn0:1tche8:PMQM1KPw7cMCw8lgjtQYCe-6FeKKDUn-Ep5_yt1Eohs",
        "expire_date": "2025-02-11T09:12:36.905Z"
    }
},
{
    "model": "sessions.session",
    "pk": "tj1wdkbxp11cg2n195hoapq3nbhz8x1f",
    "fields": {
        "session_data": "eyJmZWNoYV9pbmljaW8iOiIyOC8wMS8yMDI1IDExOjExIn0:1tciZY:p6xlNRs2K1Q6PK3D7z_b9JRe_zrsXctPWpWd0YLJr-M",
        "expire_date": "2025-02-11T10:11:56.874Z"
    }
},
{
    "model": "sessions.session",
    "pk": "u15blag3dlyajgejjbkio3gff60gu5is",
    "fields": {
        "session_data": "eyJmZWNoYV9pbmljaW8iOiIyOC8wMS8yMDI1IDEwOjU0In0:1tciJ8:h9RZKXkB4Ufzjmd3NIOJdzduLbAme-QKeWxtoPVFu-g",
        "expire_date": "2025-02-11T09:54:58.073Z"
    }
},
{
    "model": "viajes.usuario",
    "pk": 1,
    "fields": {
        "password": "pbkdf2_sha256$870000$CRnbakCfiPLO5EnMdtAD4u$eUzmmjo7jYPSkxK9+U/TQZYYOyeGCKwVSXLjiTjj0+A=",
        "last_login": "2025-01-30T07:28:14.105Z",
        "is_superuser": true,
        "username": "alvaro",
        "first_name": "",
        "last_name": "",
        "email": "alvaro@gmail.com",
        "is_staff": true,
        "is_active": true,
        "date_joined": "2025-01-20T19:20:48.768Z",
        "nombre": "",
        "correo": "",
        "telefono": "",
        "edad": null,
        "contraseña": "",
        "fecha_registro": null,
        "imagen": "",
        "rol": 1,
        "groups": [],
        "user_permissions": []
    }
},
{
    "model": "viajes.usuario",
    "pk": 2,
    "fields": {
        "password": "pbkdf2_sha256$870000$M0KPoGNZ8SKyIgRDUl6nDY$z0l4Egp/Toe2P3WOBPEmIjUZC0b1JoRwiivLP52jYKA=",
        "last_login": "2025-01-20T19:40:20Z",
        "is_superuser": false,
        "username": "beatriz",
        "first_name": "",
        "last_name": "",
        "email": "beatriz@gmail.com",
        "is_staff": false,
        "is_active": true,
        "date_joined": "2025-01-20T19:26:59Z",
        "nombre": "Beatriz Conde",
        "correo": "beatriz@gmail.com",
        "telefono": "657892488",
        "edad": 18,
        "contraseña": "usuario123",
        "fecha_registro": null,
        "imagen": "",
        "rol": 2,
        "groups": [
            1
        ],
        "user_permissions": []
    }
},
{
    "model": "viajes.usuario",
    "pk": 3,
    "fields": {
        "password": "pbkdf2_sha256$870000$5NUNpaJGAxHVZoleDsP7hZ$jt4QQKRDjiiC+z9MFis760OWraq9V4ONZBbt5XJYe1o=",
        "last_login": "2025-01-20T19:38:12Z",
        "is_superuser": false,
        "username": "luis",
        "first_name": "",
        "last_name": "",
        "email": "luis@gmail.com",
        "is_staff": false,
        "is_active": true,
        "date_joined": "2025-01-20T19:27:28Z",
        "nombre": "Luis",
        "correo": "luis@gmail.com",
        "telefono": "786548777",
        "edad": 25,
        "contraseña": "usuario123",
        "fecha_registro": null,
        "imagen": "",
        "rol": 2,
        "groups": [
            1
        ],
        "user_permissions": []
    }
},
{
    "model": "viajes.usuario",
    "pk": 4,
    "fields": {
        "password": "pbkdf2_sha256$870000$5wyM6vD5u013PLiRQ3WLgk$0wQWZVq3UROWPe9kJbUEnnIZVpFii9PFKeLaAQXZbSs=",
        "last_login": "2025-01-20T19:38:47Z",
        "is_superuser": false,
        "username": "maria",
        "first_name": "",
        "last_name": "",
        "email": "maria@gmail.com",
        "is_staff": false,
        "is_active": true,
        "date_joined": "2025-01-20T19:27:57Z",
        "nombre": "Maria",
        "correo": "maria@gmail.com",
        "telefono": "685478524",
        "edad": 20,
        "contraseña": "usuario123",
        "fecha_registro": null,
        "imagen": "",
        "rol": 3,
        "groups": [
            2
        ],
        "user_permissions": []
    }
},
{
    "model": "viajes.cliente",
    "pk": 1,
    "fields": {
        "usuario": 2,
        "preferencias_viaje": null,
        "numero_viajes": 0
    }
},
{
    "model": "viajes.cliente",
    "pk": 2,
    "fields": {
        "usuario": 3,
        "preferencias_viaje": null,
        "numero_viajes": 0
    }
},
{
    "model": "viajes.proveedor",
    "pk": 1,
    "fields": {
        "usuario": 4,
        "empresa": "Trablisa S.L.",
        "rating": 4.0
    }
},
{
    "model": "viajes.destino",
    "pk": 1,
    "fields": {
        "nombre": "Isla Paraíso",
        "pais": "Brasil",
        "descripcion": "Una isla escondida en el corazón de Brasil, famosa por sus playas de arena blanca y aguas cristalinas, rodeada de una exuberante vegetación tropical. Ideal para aquellos que buscan relajarse en un entorno tranquilo y natural.",
        "popularidad": 4.5
    }
},
{
    "model": "viajes.destino",
    "pk": 2,
    "fields": {
        "nombre": "Aventura Andina",
        "pais": "Perú",
        "descripcion": "Una experiencia única que te lleva a través de las montañas andinas, donde podrás explorar antiguas ruinas incas, caminar por senderos llenos de historia y disfrutar de vistas impresionantes de los picos nevados.",
        "popularidad": 4.8
    }
},
{
    "model": "viajes.destino",
    "pk": 3,
    "fields": {
        "nombre": "Misteriosas Islas Fiyi",
        "pais": "Fiyi",
        "descripcion": "Las Islas Fiyi son conocidas por sus playas de ensueño, sus vibrantes arrecifes de coral y su cultura polinesia única. Un paraíso tropical donde se puede disfrutar del sol, bucear en sus aguas turquesas o aprender sobre la rica herencia cultural.",
        "popularidad": 4.7
    }
},
{
    "model": "viajes.destino",
    "pk": 4,
    "fields": {
        "nombre": "Ciudades Medievales",
        "pais": "España",
        "descripcion": "Sumérgete en la historia medieval de España, visitando ciudades como Toledo, Salamanca y Ávila, llenas de castillos, murallas antiguas y calles empedradas, donde podrás sentir el pasado en cada rincón.",
        "popularidad": 4.2
    }
},
{
    "model": "viajes.reserva",
    "pk": 1,
    "fields": {
        "codigo_reserva": "1975",
        "fecha_salida": "2025-01-20T23:00:00Z",
        "fecha_llegada": "2025-01-24T23:00:00Z",
        "numero_personas": 2,
        "precio": "420.12",
        "usuario": 2
    }
},
{
    "model": "viajes.reserva",
    "pk": 2,
    "fields": {
        "codigo_reserva": "15489247AFG454",
        "fecha_salida": "2025-01-31T23:00:00Z",
        "fecha_llegada": "2025-02-06T23:00:00Z",
        "numero_personas": 5,
        "precio": "584.23",
        "usuario": 3
    }
},
{
    "model": "viajes.comentario",
    "pk": 1,
    "fields": {
        "titulo": "Una experiencia inolvidable",
        "contenido": "Gracias a esta promoción, mi familia y yo disfrutamos de unas vacaciones increíbles. El alojamiento fue perfecto, el personal muy amable y los paisajes hermosos. ¡Recomendadísimo!",
        "fecha_comentario": "2025-01-20T19:29:00.468Z",
        "calificacion": 5.0,
        "usuario": 2
    }
},
{
    "model": "viajes.comentario",
    "pk": 2,
    "fields": {
        "titulo": "Aventura en su máxima expresión",
        "contenido": "La caminata por Los Andes fue espectacular. La promoción nos permitió vivir una experiencia única sin preocuparnos tanto por el presupuesto. ¡Un viaje que jamás olvidaré!",
        "fecha_comentario": "2025-01-20T19:30:47.160Z",
        "calificacion": 4.2,
        "usuario": 3
    }
},
{
    "model": "viajes.alojamiento",
    "pk": 1,
    "fields": {
        "nombre": "Hotel Playa Dorada",
        "direccion": "Av. Brasil 205, Río de Janeiro, Brasil",
        "capacidad": 120,
        "tipo": "Hotel",
        "destino": 1,
        "reserva": [
            1
        ]
    }
},
{
    "model": "viajes.alojamiento",
    "pk": 2,
    "fields": {
        "nombre": "Cabañas Andinas",
        "direccion": "Calle Los Andes 452, Cusco, Perú",
        "capacidad": 50,
        "tipo": "Cabaña",
        "destino": 2,
        "reserva": [
            1
        ]
    }
},
{
    "model": "viajes.alojamiento",
    "pk": 3,
    "fields": {
        "nombre": "Resort Coral View",
        "direccion": "Playa de los Arrecifes, Islas Fiyi",
        "capacidad": 200,
        "tipo": "Resort",
        "destino": 3,
        "reserva": [
            2
        ]
    }
},
{
    "model": "viajes.alojamiento",
    "pk": 4,
    "fields": {
        "nombre": "Parador Medieval",
        "direccion": "Plaza Mayor 3, Salamanca, España",
        "capacidad": 80,
        "tipo": "Posada",
        "destino": 4,
        "reserva": [
            1,
            2
        ]
    }
},
{
    "model": "viajes.transporte",
    "pk": 1,
    "fields": {
        "tipo": "Autobús",
        "capacidad": 60,
        "disponible": true,
        "costo_por_persona": "12.00",
        "destino": [
            4
        ]
    }
},
{
    "model": "viajes.transporte",
    "pk": 2,
    "fields": {
        "tipo": "Avión",
        "capacidad": 230,
        "disponible": true,
        "costo_por_persona": "60.00",
        "destino": [
            2,
            3
        ]
    }
},
{
    "model": "viajes.transporte",
    "pk": 3,
    "fields": {
        "tipo": "Barco",
        "capacidad": 115,
        "disponible": true,
        "costo_por_persona": "22.50",
        "destino": [
            1,
            3
        ]
    }
},
{
    "model": "viajes.promocion",
    "pk": 1,
    "fields": {
        "nombre": "Oferta Verano Dorado",
        "descripcion": "Disfruta de un verano inolvidable con un 20% de descuento en estancias de más de 3 noches.",
        "descuento_porcentaje": 20.0,
        "fecha_inicio": "2025-06-01",
        "fecha_fin": "2025-08-31",
        "activo": true,
        "alojamiento": 1,
        "destino": [
            1
        ]
    }
},
{
    "model": "viajes.promocion",
    "pk": 2,
    "fields": {
        "nombre": "Aventura en Los Andes",
        "descripcion": "Obtén un 15% de descuento en tus vacaciones andinas si reservas para 4 personas o más.",
        "descuento_porcentaje": 15.0,
        "fecha_inicio": "2025-03-01",
        "fecha_fin": "2025-05-31",
        "activo": true,
        "alojamiento": 2,
        "destino": [
            2
        ]
    }
},
{
    "model": "viajes.promocion",
    "pk": 3,
    "fields": {
        "nombre": "Escapada Tropical",
        "descripcion": "Reserva ahora y recibe un 25% de descuento en nuestro lujoso resort frente al mar.",
        "descuento_porcentaje": 25.0,
        "fecha_inicio": "2025-01-21",
        "fecha_fin": "2025-04-15",
        "activo": true,
        "alojamiento": 3,
        "destino": [
            3
        ]
    }
},
{
    "model": "viajes.promocion",
    "pk": 4,
    "fields": {
        "nombre": "Historia y Encanto Medieval",
        "descripcion": "Vive una experiencia histórica con un 10% de descuento en el Parador Medieval si reservas antes del 15 de abril.",
        "descuento_porcentaje": 10.0,
        "fecha_inicio": "2025-02-01",
        "fecha_fin": "2025-04-15",
        "activo": true,
        "alojamiento": 4,
        "destino": [
            4
        ]
    }
},
{
    "model": "oauth2_provider.application",
    "pk": 1,
    "fields": {
        "client_id": "aplicacion_cliente",
        "user": 1,
        "redirect_uris": "",
        "post_logout_redirect_uris": "",
        "client_type": "confidential",
        "authorization_grant_type": "password",
        "client_secret": "pbkdf2_sha256$870000$4j8rM8R3gZ9xEBhLC3KfBE$p6R5gvXh92ue4d3ENdh2rp/RXJ1hocAK07r+/TB5oos=",
        "hash_client_secret": true,
        "name": "API Viajes",
        "skip_authorization": false,
        "created": "2025-01-28T08:22:58.642Z",
        "updated": "2025-01-28T08:22:58.642Z",
        "algorithm": "",
        "allowed_origins": ""
    }
},
{
    "model": "oauth2_provider.accesstoken",
    "pk": 1,
    "fields": {
        "user": 1,
        "source_refresh_token": null,
        "token": "M6RFYONyrLeevhdhrT3DSZSUMLJN5x",
        "token_checksum": "54402e7289a23188e1cd277658a7d677f3662d20cacd0117ab620f8caccdc220",
        "id_token": null,
        "application": 1,
        "expires": "2025-01-28T18:24:57.791Z",
        "scope": "read write groups",
        "created": "2025-01-28T08:24:57.791Z",
        "updated": "2025-01-28T08:24:57.791Z"
    }
},
{
    "model": "oauth2_provider.accesstoken",
    "pk": 2,
    "fields": {
        "user": 1,
        "source_refresh_token": null,
        "token": "YxbLGiDV5gtppSRHFxhdqcux7vrVOH",
        "token_checksum": "caf21e2bec4789f2f219d8f4faad82267be9526323e2706a3fc96eaa469b8fff",
        "id_token": null,
        "application": 1,
        "expires": "2025-01-28T18:28:48.125Z",
        "scope": "read write groups",
        "created": "2025-01-28T08:28:48.125Z",
        "updated": "2025-01-28T08:28:48.125Z"
    }
},
{
    "model": "oauth2_provider.accesstoken",
    "pk": 3,
    "fields": {
        "user": 4,
        "source_refresh_token": null,
        "token": "weNP8EZUF7qKdExCIK9pcuWf5QO4Kp",
        "token_checksum": "23dcd08c28136e39b318bfcb80846d57c60be99c3920ba4652c3312ec780d299",
        "id_token": null,
        "application": 1,
        "expires": "2025-01-28T19:09:33.086Z",
        "scope": "read write groups",
        "created": "2025-01-28T09:09:33.086Z",
        "updated": "2025-01-28T09:09:33.086Z"
    }
},
{
    "model": "oauth2_provider.accesstoken",
    "pk": 4,
    "fields": {
        "user": 3,
        "source_refresh_token": null,
        "token": "k0Aq8YP7PKp7VOxWHntv4DZMqc1rAq",
        "token_checksum": "820e776cc81785684bd2eed9e8ba6a4a320dcf0c9f7fb68cb1e1e93bb1c446c3",
        "id_token": null,
        "application": 1,
        "expires": "2025-01-28T19:11:05.543Z",
        "scope": "read write groups",
        "created": "2025-01-28T09:11:05.543Z",
        "updated": "2025-01-28T09:11:05.543Z"
    }
},
{
    "model": "oauth2_provider.accesstoken",
    "pk": 5,
    "fields": {
        "user": 1,
        "source_refresh_token": null,
        "token": "J5EB1DLFbW1Asc6HIuIhg8lXefCyNk",
        "token_checksum": "137dd38d377a0020bf884b3eb2b53f1b59cb72e92bbd0b311960dcc74b39ed15",
        "id_token": null,
        "application": 1,
        "expires": "2036-06-27T23:41:13.739Z",
        "scope": "read write groups",
        "created": "2025-01-30T07:41:13.739Z",
        "updated": "2025-01-30T07:41:13.739Z"
    }
},
{
    "model": "oauth2_provider.accesstoken",
    "pk": 6,
    "fields": {
        "user": 3,
        "source_refresh_token": null,
        "token": "KxvloEpGEk9qMXFq3Y5LT94tgPlmaZ",
        "token_checksum": "7d6e880e3f38ec1db6f0bc47793db8f07a75b5513ed54782ea698e3c82fa1cc6",
        "id_token": null,
        "application": 1,
        "expires": "2036-06-27T23:42:47.113Z",
        "scope": "read write groups",
        "created": "2025-01-30T07:42:47.114Z",
        "updated": "2025-01-30T07:42:47.114Z"
    }
},
{
    "model": "oauth2_provider.accesstoken",
    "pk": 7,
    "fields": {
        "user": 4,
        "source_refresh_token": null,
        "token": "MKWGScy89yO9qBCXC3QcNGCiPQlvqK",
        "token_checksum": "5d2d5d809c099441ae302c0ad5f9302e783d3ad3231ecc520b92c70a0a7a1e5c",
        "id_token": null,
        "application": 1,
        "expires": "2036-06-27T23:43:15.038Z",
        "scope": "read write groups",
        "created": "2025-01-30T07:43:15.038Z",
        "updated": "2025-01-30T07:43:15.038Z"
    }
},
{
    "model": "oauth2_provider.accesstoken",
    "pk": 8,
    "fields": {
        "user": 1,
        "source_refresh_token": null,
        "token": "Z17yk3rq1m9Fqb0Tvahymz1rPirMAb",
        "token_checksum": "343f289e6d06cf03f5dcf98eb40b3655f457fb53f3bd72713929a955d208ab1b",
        "id_token": null,
        "application": 1,
        "expires": "2025-01-31T21:57:00.156Z",
        "scope": "read write",
        "created": "2025-01-31T11:57:00.156Z",
        "updated": "2025-01-31T11:57:00.156Z"
    }
},
{
    "model": "oauth2_provider.accesstoken",
    "pk": 9,
    "fields": {
        "user": 3,
        "source_refresh_token": null,
        "token": "VHVqyFYv0gk9r949r4VEhSNOKn37Hh",
        "token_checksum": "5d0f8eca6f9b832ad11d5d415b0be089eca989d089fa2e098b29154380731d03",
        "id_token": null,
        "application": 1,
        "expires": "2025-01-31T21:57:28.955Z",
        "scope": "read write",
        "created": "2025-01-31T11:57:28.955Z",
        "updated": "2025-01-31T11:57:28.955Z"
    }
},
{
    "model": "oauth2_provider.accesstoken",
    "pk": 10,
    "fields": {
        "user": 4,
        "source_refresh_token": null,
        "token": "27EVRTBhSuEW8IJVnOmVIf86Qd25Ck",
        "token_checksum": "0bf3791a41a360fea0e9ae30640978b1c61ee971cf68a617afb8b047102ebf2f",
        "id_token": null,
        "application": 1,
        "expires": "2025-01-31T21:57:42.044Z",
        "scope": "read write",
        "created": "2025-01-31T11:57:42.044Z",
        "updated": "2025-01-31T11:57:42.044Z"
    }
},
{
    "model": "oauth2_provider.refreshtoken",
    "pk": 1,
    "fields": {
        "user": 1,
        "token": "rv1OByhU48h8Yt0CGTxmVveWWjUTIN",
        "application": 1,
        "access_token": 1,
        "token_family": "f063bc16-be31-4d06-95d6-4e325189229b",
        "created": "2025-01-28T08:24:57.792Z",
        "updated": "2025-01-28T08:24:57.792Z",
        "revoked": null
    }
},
{
    "model": "oauth2_provider.refreshtoken",
    "pk": 2,
    "fields": {
        "user": 1,
        "token": "6fMhym3CmCyymVvQqQOt1TkLGjDfmh",
        "application": 1,
        "access_token": 2,
        "token_family": "ca052bfe-a9ca-4f13-866c-ba39b7c2355a",
        "created": "2025-01-28T08:28:48.126Z",
        "updated": "2025-01-28T08:28:48.126Z",
        "revoked": null
    }
},
{
    "model": "oauth2_provider.refreshtoken",
    "pk": 3,
    "fields": {
        "user": 4,
        "token": "Tr9snuG587xyUbmROe5r3tJgbpRqYP",
        "application": 1,
        "access_token": 3,
        "token_family": "16b8f4e2-3688-4cdd-94a0-0ef5fd7ef9f9",
        "created": "2025-01-28T09:09:33.087Z",
        "updated": "2025-01-28T09:09:33.087Z",
        "revoked": null
    }
},
{
    "model": "oauth2_provider.refreshtoken",
    "pk": 4,
    "fields": {
        "user": 3,
        "token": "Xshz0oZX6o12kUPk8JejQtULAe7SUI",
        "application": 1,
        "access_token": 4,
        "token_family": "1729a191-3f37-4faa-b526-c876e8cb95b0",
        "created": "2025-01-28T09:11:05.544Z",
        "updated": "2025-01-28T09:11:05.544Z",
        "revoked": null
    }
},
{
    "model": "oauth2_provider.refreshtoken",
    "pk": 5,
    "fields": {
        "user": 1,
        "token": "IK4gt8Iw1WUCDSnJ5SCKjohHSAsuh1",
        "application": 1,
        "access_token": 5,
        "token_family": "39e16ede-1331-4086-a9b6-c97c451aaa6e",
        "created": "2025-01-30T07:41:13.740Z",
        "updated": "2025-01-30T07:41:13.740Z",
        "revoked": null
    }
},
{
    "model": "oauth2_provider.refreshtoken",
    "pk": 6,
    "fields": {
        "user": 3,
        "token": "sWmaznArjZKZlJqVlUvZkdJO80Uk5p",
        "application": 1,
        "access_token": 6,
        "token_family": "11736e9a-b21a-4e56-8fe8-34e997c9e661",
        "created": "2025-01-30T07:42:47.114Z",
        "updated": "2025-01-30T07:42:47.114Z",
        "revoked": null
    }
},
{
    "model": "oauth2_provider.refreshtoken",
    "pk": 7,
    "fields": {
        "user": 4,
        "token": "i5lJA6mEGrqK8fByFK2fGI1FzjSvZu",
        "application": 1,
        "access_token": 7,
        "token_family": "7b7ba2dd-1ed6-42fa-ae64-d95e909e5fa0",
        "created": "2025-01-30T07:43:15.039Z",
        "updated": "2025-01-30T07:43:15.039Z",
        "revoked": null
    }
},
{
    "model": "oauth2_provider.refreshtoken",
    "pk": 8,
    "fields": {
        "user": 1,
        "token": "c17laKIYInd6kAmekgcNnJyEqxsDBH",
        "application": 1,
        "access_token": 8,
        "token_family": "da78c95a-3656-46cb-9e08-7e73eba1e445",
        "created": "2025-01-31T11:57:00.157Z",
        "updated": "2025-01-31T11:57:00.157Z",
        "revoked": null
    }
},
{
    "model": "oauth2_provider.refreshtoken",
    "pk": 9,
    "fields": {
        "user": 3,
        "token": "HeOYeQ62LCl4kLUMF6EulfAiYC5tSQ",
        "application": 1,
        "access_token": 9,
        "token_family": "ae768c69-8e08-4ca7-a0da-518f35e98155",
        "created": "2025-01-31T11:57:28.956Z",
        "updated": "2025-01-31T11:57:28.956Z",
        "revoked": null
    }
},
{
    "model": "oauth2_provider.refreshtoken",
    "pk": 10,
    "fields": {
        "user": 4,
        "token": "x0oV7zOo0dX3TThAI6qelgQ7EdVPzI",
        "application": 1,
        "access_token": 10,
        "token_family": "a17e81a8-bff0-438f-a84d-b2a81db8eeb9",
        "created": "2025-01-31T11:57:42.045Z",
        "updated": "2025-01-31T11:57:42.045Z",
        "revoked": null
    }
}
]
